"电影名","年份","国别"
"爱情抓马 / The Drama","2026","美国"
"良人 / Keeper","2025","美国 / 加拿大"
"惊变28年2：白骨圣殿 / 28 Years Later: The Bone Temple","2026","英国 / 美国 / 加拿大"
"惊变28年 / 28 Years Later","2025","英国 / 美国"
"雷诺阿 / ルノワール","2025","日本 / 法国 / 新加坡 / 菲律宾 / 印度尼西亚 / 卡塔尔"
"钢琴课 / The Piano","1993","新西兰 / 澳大利亚 / 法国"
"给阿嬷的情书","2026","中国大陆"
"再见初恋 / Un amour de jeunesse","2011","法国 / 德国"
"请求救援 / Send Help","2026","美国 / 加拿大 / 英国 / 澳大利亚 / 泰国"
"狗牙 / Κυνόδοντας","2009","希腊"
"寂静的朋友 / Stiller Freund","2025","德国 / 匈牙利 / 法国 / 中国大陆"
"枕边的男人 / L'homme de chevet","2009","法国"
"同甘共苦 / Together","2025","澳大利亚 / 美国"
"断网假期 / Leave the World Behind","2023","美国"
"诗人 / Un Poeta","2025","哥伦比亚 / 德国 / 瑞典"
"忧郁症 / Melancholia","2011","丹麦 / 瑞典 / 法国 / 德国"
"火烧天堂镇 / The Lost Bus","2025","美国"
"海滩上的女人 / The Woman on the Beach","1947","美国"
"奇迹梦之队 / Goat","2026","美国 / 加拿大"
"家弑服务 / The Housemaid","2025","美国"
"战·争 / Warfare","2025","美国 / 英国"
"他 / Him","2025","美国"
"河狸变身计划 / Hoppers","2026","美国"
"极寒之城 / Atomic Blonde","2017","美国 / 德国 / 瑞典 / 匈牙利"
"挽救计划 / Project Hail Mary","2026","美国"
"双狼 / Wolfs","2024","英国 / 美国"
"至尊马蒂 / Marty Supreme","2025","芬兰 / 美国"
"情感价值 / Affeksjonsverdi","2025","挪威 / 德国 / 丹麦 / 法国 / 瑞典 / 英国"
"密探 / O Agente Secreto","2025","巴西 / 法国 / 荷兰 / 德国"
"One Last Supper","2025","新加坡"
"初夏 / 첫여름","2025","韩国"
"哈姆奈特 / Hamnet","2025","英国 / 美国"
"镖人：风起大漠","2026","中国大陆"
"漆黑林地与着魔时日：民俗恐怖电影史 / Woodlands Dark and Days Bewitched: A History of Folk Horror","2021","美国"
"腓尼基计划 / The Phoenician Scheme","2025","美国 / 德国"
"8号出口 / 8番出口","2025","日本"
"水中刀 / Nóz w wodzie","1962","波兰"
"白莲花度假村 第二季 / The White Lotus Season 2","2022","美国"
"异教徒 / The Wicker Man","1973","英国"
"阿加莎·克里斯蒂之七面钟 / Agatha Christie’s Seven Dials","2026","英国"
"剃须记 / The Big Shave","1967","美国"
"近畿怪谈 / 近畿地方のある場所について","2025","日本"
"疯狂动物城2 / Zootopia 2","2025","美国"
"火车梦 / Train Dreams","2025","美国"
"人偶之家 / ドールハウス","2025","日本"
"重返寂静岭 / Return to Silent Hill","2026","法国 / 美国 / 英国 / 德国 / 塞尔维亚 / 日本"
"亲爱的，别！ / Honey Don't!","2025","美国 / 英国"
"咩！ / கத்து!","2025","马来西亚 / 法国 / 菲律宾"
"无可奈何 / 어쩔수가없다","2025","韩国"
"害羞的上帝 / Dieu est timide","2025","法国"
"巴黎夏日 / Le Rendez-vous de l'été","2025","法国"
"普通事故 / یک تصادف ساده","2025","伊朗 / 法国 / 卢森堡 / 美国"
"惊天魔盗团3 / Now You See Me: Now You Don't","2025","美国"
"美国小说 / American Fiction","2023","美国"
"捕风追影","2025","中国大陆 / 中国香港"
"怪奇收割 / Strange Harvest","2024","美国"
"咒术回战 第三季 / 呪術廻戦 第3期","2026","日本"
"查克的一生 / The Life of Chuck","2024","美国"
"回应我 / Talk to Me","2022","澳大利亚 / 英国"
"点球成金 / Moneyball","2011","美国"
"拯救地球 / Bugonia","2025","爱尔兰 / 英国 / 加拿大 / 韩国 / 美国"
"假如比尔街可以作证 / If Beale Street Could Talk","2018","美国"
"昨日青春 / Happyend","2024","日本 / 美国"
"F1：狂飙飞车 / F1: The Movie","2025","美国"
"弗兰肯斯坦 / Frankenstein","2025","墨西哥 / 美国"
"利刃出鞘3 / Wake Up Dead Man: A Knives Out Mystery‎","2025","美国"
"X","2022","美国 / 加拿大"
"保护者 / Protector","2025","美国"
"爱丁顿 / Eddington","2025","美国 / 芬兰"
"阿凡达：火与烬 / Avatar: Fire and Ash","2025","美国"
"怪奇物语 第五季 / Stranger Things Season 5","2025","美国"
"庆州 / 경주","2014","韩国"
"小丑回魂：欢迎来到德里镇 第一季 / IT: Welcome to Derry Season 1","2025","美国 / 加拿大"
"共进午餐 / The Lunch Date","1989","美国"
"聊斋：兰若寺","2025","中国大陆"
"瑞克和莫蒂 第八季 / Rick and Morty Season 8","2025","美国"
"一战再战 / One Battle After Another","2025","美国"
"和平使者 第二季 / Peacemaker Season 2","2025","美国"
"沉默 / Silence","2016","美国 / 英国 / 中国台湾 / 日本 / 墨西哥 / 意大利"
"坏蛋联盟2 / The Bad Guys 2","2025","美国"
"峡谷 / The Gorge","2025","英国 / 美国"
"野蛮人 / Barbarian","2022","保加利亚 / 美国"
"凶器 / Weapons","2025","美国"
"雨落屋瓦","2025","中国大陆"
"罗目的黄昏","2025","中国大陆"
"单一幻国 / Hana Korea","2025","丹麦"
"他年她日","2025","中国香港 / 中国台湾"
"父母姐弟 / Father Mother Sister Brother","2025","美国 / 英国 / 意大利 / 法国 / 爱尔兰 / 德国"
"回家","2025","中国台湾"
"女孩","2025","中国台湾 / 中国大陆"
"火遮眼","2025","中国香港 / 中国大陆"
"失心疯 / ป่าจิตหลุด","2025","泰国"
"镜的第三乐章 / Miroirs No. 3","2025","德国"
"猎鹰湖 / Falcon Lake","2022","法国 / 加拿大"
"异形：地球 第一季 / Alien: Earth Season 1","2025","英国 / 美国 / 泰国"
"东极岛","2025","中国大陆"
"极地恶灵 第二季 / The Terror Season 2","2019","美国"
"罪人 / Sinners","2025","美国 / 澳大利亚 / 加拿大"
"X圣治 / CURE キュア","1997","日本"
"复活她 / Bring Her Back","2025","澳大利亚 / 美国"
"放大 / Blow-Up","1966","英国 / 意大利"
"神奇4侠：初露锋芒 / The Fantastic Four: First Steps","2025","英国 / 美国 / 加拿大 / 新西兰"
"关于约会的一切 / Follemente","2025","意大利"
"雷霆特攻队* / Thunderbolts*","2025","美国"
"秘密会议 / Conclave","2024","英国 / 美国"
"这很河狸 / Hundreds of Beavers","2022","美国"
"你行！你上！","2025","中国大陆"
"裹尸布 / The Shrouds","2024","法国 / 加拿大"
"超人 / Superman","2025","美国"
"恋马狂 / Equus","1977","美国 / 英国"
"侏罗纪世界：重生 / Jurassic World: Rebirth","2025","美国"
"南巫","2020","马来西亚"
"双姝奇缘 / 4 aventures de Reinette et Mirabelle","1987","法国"
"李文漫游东湖","2015","中国大陆"
"铁血战士：杀戮之王 / Predator: Killer of Killers","2025","美国"
"红气球 / Le ballon rouge","1956","法国"
"困兽 / Fauve","2018","加拿大"
"爱，死亡和机器人 第四季 / Love, Death & Robots Season 4","2025","美国"
"竖笛考试 / 리코더 시험","2011","韩国"
"功之怒 / Kung Fury","2015","瑞典"
"碟中谍8：最终清算 / Mission: Impossible - The Final Reckoning","2025","美国"
"天堂的双子 / Twins in Paradise","2020","美国"
"人生切割术 第二季 / Severance Season 2","2025","美国"
"我的世界大电影 / A Minecraft Movie","2025","美国 / 瑞典"
"为你写上乔治亚 / 조지아","2020","韩国 / 美国 / 加拿大"
"鲶鱼人 / Hito","2023","菲律宾"
"Las voces del despeñadero","2025","墨西哥"
"Lanawaru","2024","哥伦比亚 / 墨西哥"
"平原上的火焰","2021","中国大陆"
"盒子的另一边 / Other Side of the Box","2018","美国"
"便衣警察 / Plainclothes","2025","美国 / 英国"
"异教徒 / Heretic","2024","美国 / 加拿大"
"混沌少年时 第一季 / Adolescence Season 1","2025","英国"
"怪猴 / The Monkey","2025","美国 / 英国 / 加拿大"
"奸臣 / 간신","2015","韩国"
"阿诺拉 / Anora","2024","美国"
"猫猫的奇幻漂流 / Straume","2024","拉脱维亚 / 法国 / 比利时"
"杀死福顺 / 길복순","2023","韩国"
"编号17 / Mickey 17","2025","美国 / 韩国"
"暗流 / Les rivières pourpres","2000","法国"
"乡下人 第一季 / The Boondocks Season 1","2005","美国"
"完美伴侣 / Companion","2025","美国"
"花样年华 / 花樣年華","2000","中国香港"
"美国队长4 / Captain America: Brave New World","2025","美国"
"诺斯费拉图 / Nosferatu","2024","美国 / 英国 / 匈牙利"
"东城梦魇 第一季 / Mare of Easttown Season 1","2021","美国"
"唐探1900","2025","中国大陆 / 中国香港"
"极地恶灵 第一季 / The Terror Season 1","2018","美国"
"怖谷鸟 / Cuckoo","2024","德国 / 美国"
"逍遥骑士 / Easy Rider","1969","美国"
"金玉盟 / An Affair to Remember","1957","美国"
"湖上女郎 / La donna del lago","1965","意大利"
"第九道门 / The Ninth Gate","1999","法国 / 西班牙 / 美国"
"天使与魔鬼 / Angels & Demons","2009","美国 / 意大利"
"悬崖上的野餐 / Picnic at Hanging Rock","1975","澳大利亚"
"原钻 / Uncut Gems","2019","美国"
"名侦探柯南：迷宫的十字路口 / 名探偵コナン 迷宮の十字路","2003","日本"
"荧屏在发光 / I Saw the TV Glow","2024","美国"
"人狼","1999","日本"
"波提切利，佛罗伦萨和美第奇家族 / Botticelli, Florence And The Medici","2021","意大利"
"猎人克莱文 / Kraven the Hunter","2024","美国 / 冰岛 / 加拿大 / 英国"
"破·地狱 / 破·地獄","2024","中国香港"
"生物突击队 第一季 / Creature Commandos Season 1","2024","美国"
"雄狮少年2","2024","中国大陆"
"如父如子 / そして父になる","2013","日本"
"瑟堡的雨伞 / Les parapluies de Cherbourg","1964","法国 / 西德"
"危笑2 / Smile 2","2024","美国 / 加拿大"
"好东西","2024","中国大陆"
"角斗士 / Gladiator","2000","美国 / 英国 / 马耳他 / 摩洛哥"
"动物 / ANIMALS‐アニマルズ‐","2022","日本"
"生人勿进 / Låt den rätte komma in","2008","瑞典"
"风流一代","2024","中国大陆"
"完美的日子 / Perfect Days","2023","日本 / 德国"
"最后的里程 / ラストマイル","2024","日本"
"女人世界","2024","中国大陆"
"凶兆 / The Omen","1976","英国 / 美国"
"娑婆诃 / 사바하","2019","韩国"
"蓦然回首 / ルックバック","2024","日本"
"毒液：最后一舞 / Venom: The Last Dance","2024","美国"
"小丑2：双重妄想 / Joker: Folie à Deux","2024","美国 / 加拿大"
"机器人嘉年华 / ロボットカーニバル","1987","日本"
"企鹅人 第一季 / The Penguin Season 1","2024","美国"
"小丑 / Joker","2019","美国 / 加拿大"
"甜蜜的东方 / The Sweet East","2023","美国"
"怪房客 / Le locataire","1976","法国"
"里斯本丸沉没","2023","中国大陆"
"恰逢其时 / Juste le temps","1983","法国"
"驱魔人 / The Exorcist","1973","美国"
"睡梦医生 / Doctor Sleep","2019","美国 / 英国"
"魔鬼深夜秀 / Late Night with the Devil","2023","澳大利亚 / 美国 / 阿联酋"
"菊次郎的夏天 / 菊次郎の夏","1999","日本"
"长腿 / Longlegs","2024","美国"
"收件人不详 / 수취인불명","2001","韩国"
"圣殇 / 피에타","2012","韩国"
"空房间 / 빈집","2004","韩国 / 日本"
"异形：夺命舰 / Alien: Romulus","2024","美国 / 英国"
"错过你的那些年 / 青春18×2 君へと続く道","2024","中国台湾 / 日本"
"蒂凡尼的早餐 / Breakfast at Tiffany's","1961","美国"
"从21世纪安全撤离","2024","中国大陆"
"白蛇：浮生","2024","中国大陆"
"爱在午夜降临前 / Before Midnight","2013","美国 / 希腊"
"斯托克 / Stoker","2013","美国 / 英国"
"冬天的故事 / Conte d'hiver","1992","法国"
"人生切割术 第一季 / Severance Season 1","2022","美国"
"秋天的故事 / Conte d'automne","1998","法国"
"走走停停","2024","中国大陆"
"死侍与金刚狼 / Deadpool & Wolverine","2024","美国"
"悲伤的贝拉多娜 / 哀しみのベラドンナ","1973","日本"
"亲爱的格洛莉亚 / Àma Gloria","2023","法国"
"局外人 / The Outsider","2020","美国"
"十字路口的猪 / Pig at the Crossing","2024","不丹"
"无名女尸 / The Autopsy of Jane Doe","2016","英国"
"险恶 / Sinister","2012","美国"
"神偷奶爸4 / Despicable Me 4","2024","美国"
"幕府将军 第一季 / Shōgun Season 1","2024","美国"
"玛丽娜·阿布拉莫维奇：艺术家在场 / Marina Abramović: The Artist Is Present","2012","美国"
"南山的部长们 / 남산의 부장들","2020","韩国"
"首尔之春 / 서울의 봄","2023","韩国"
"狗镇 / Dogville","2003","丹麦 / 瑞典 / 挪威 / 芬兰 / 英国 / 法国 / 德国 / 荷兰 / 意大利"
"燃烧 / 버닝","2018","韩国"
"头脑特工队2 / Inside Out 2","2024","美国"
"九龙城寨之围城 / 九龍城寨·圍城","2024","中国香港 / 中国大陆"
"午夜巴塞罗那 / Vicky Cristina Barcelona","2008","西班牙 / 美国"
"香水 / Perfume: The Story of a Murderer","2006","德国 / 法国 / 西班牙 / 美国 / 比利时"
"超能敢死队：冰封之城 / Ghostbusters: Frozen Empire","2024","美国 / 加拿大"
"自己去看 / Иди и смотри","1985","苏联"
"亡命驾驶 / Drive","2011","美国"
"棋王","1991","中国香港"
"初吻 / La boum","1980","法国"
"我们一起摇太阳","2024","中国大陆 / 中国香港"
"美国内战 / Civil War","2024","美国 / 英国 / 芬兰"
"特技狂人 / The Fall Guy","2024","美国"
"大师 / The Master","2012","美国"
"鬼子来了","2000","中国大陆"
"鸟人 / Birdman or (The Unexpected Virtue of Ignorance)","2014","美国 / 墨西哥"
"男人 / Men","2022","英国"
"猩球崛起：新世界 / Kingdom of the Planet of the Apes","2024","美国"
"白塔之光","2023","中国大陆"
"海的沉默 / Le silence de la mer","1949","法国"
"哥斯拉-1.0 / ゴジラ-1.0","2023","日本"
"洛丽塔 / Lolita","1962","美国 / 英国"
"第二十条","2024","中国大陆"
"伴侣","2022","中国大陆"
"绝望主妇计划","2023","中国大陆"
"无处可依","2022","中国大陆"
"造梦之家 / The Fabelmans","2022","美国"
"破墓 / 파묘","2024","韩国"
"年少日记 / 年少日記","2023","中国香港"
"两小无猜 / Melody","1971","英国"
"香草的天空 / Vanilla Sky","2001","美国 / 西班牙"
"功夫熊猫4 / Kung Fu Panda 4","2024","美国 / 中国大陆"
"法式火锅 / La Passion de Dodin Bouffant","2023","法国 / 比利时"
"十二猴子 / Twelve Monkeys","1995","美国"
"冥王星早餐 / Breakfast on Pluto","2005","爱尔兰 / 英国"
"珍珠港 / Pearl Harbor","2001","美国"
"利益区域 / The Zone of Interest","2023","美国 / 英国 / 波兰"
"你想活出怎样的人生 / 君たちはどう生きるか","2023","日本"
"哥斯拉大战金刚2：帝国崛起 / Godzilla x Kong: The New Empire","2024","美国 / 澳大利亚"
"温蒂妮 / Undine","2020","德国 / 法国"
"三体 第一季 / 3 Body Problem Season 1","2024","美国 / 中国大陆 / 英国"
"赎罪 / Atonement","2007","英国 / 法国"
"枯叶 / Kuolleet lehdet","2023","芬兰"
"廊桥遗梦 / The Bridges of Madison County","1995","美国"
"马耳他之鹰 / The Maltese Falcon","1941","美国"
"独家新闻 / Scoop","2006","英国 / 美国"
"怪物","2023","日本"
"唯爱永生 / Only Lovers Left Alive","2013","英国 / 德国 / 希腊 / 法国"
"红色天空 / Roter Himmel","2023","德国"
"沙丘2 / Dune: Part Two","2024","美国 / 加拿大"
"极盗车神 / Baby Driver","2017","英国 / 美国"
"猎杀U-571 / U-571","2000","法国 / 美国"
"绿夜","2023","中国香港"
"赛末点 / Match Point","2005","英国 / 美国 / 爱尔兰 / 卢森堡"
"周处除三害 / 周處除三害","2023","中国台湾"
"日落大道 / Sunset Blvd.","1950","美国"
"可怜的东西 / Poor Things","2023","爱尔兰 / 英国 / 美国 / 匈牙利"
"狂怒 / Fury","2014","美国 / 中国大陆 / 英国"
"纽约的一个雨天 / A Rainy Day in New York","2019","美国"
"海扁王 / Kick-Ass","2010","美国 / 英国"
"蓝眼武士 第一季 / Blue Eye Samurai Season 1","2023","美国 / 法国 / 加拿大"
"美国X档案 / American History X","1998","美国"
"罗斯玛丽的婴儿 / Rosemary's Baby","1968","美国"
"没有面孔的眼睛 / Les yeux sans visage","1960","法国 / 意大利"
"一天 / One Day","2011","美国 / 英国"
"夜行者 / Nightcrawler","2014","美国"
"一封陌生女子的来信 / Letter from an Unknown Woman","1948","美国"
"黑洞频率 / Frequency","2000","美国"
"神话 / Phenomena","1985","意大利 / 瑞士"
"飞驰人生2","2024","中国大陆"
"小孩儿 / Kiddo","2023","荷兰"
"幸福终点站 / The Terminal","2004","美国"
"三大队","2023","中国大陆"
"雨人 / Rain Man","1988","美国"
"阴风阵阵 / Suspiria","1977","意大利"
"贫民窟的百万富翁 / Slumdog Millionaire","2008","英国"
"阳光下的罪恶 / Evil Under the Sun","1982","英国"
"图腾 / Tótem","2023","墨西哥 / 丹麦 / 法国"
"豹 / Il gattopardo","1963","意大利 / 法国"
"灰猎犬号 / Greyhound","2020","美国 / 加拿大 / 中国大陆"
"爱，简单 / Hoje Eu Quero Voltar Sozinho","2014","巴西"
"法兰西特派 / The French Dispatch","2021","美国 / 德国"
"无依之地 / Nomadland","2020","美国"
"博很恐惧 / Beau is Afraid","2023","美国 / 英国 / 芬兰 / 加拿大"
"东方快车谋杀案 / Murder on the Orient Express","1974","英国"
"此房是我造 / The House That Jack Built","2018","丹麦 / 法国 / 瑞典 / 德国 / 比利时 / 突尼斯"
"网络谜踪2 / Missing","2023","美国"
"保你平安","2022","中国大陆"
"狗神 / DogMan","2023","法国 / 美国"
"深渊 / The Abyss","1989","美国"
"吾栖之肤 / La piel que habito","2011","西班牙 / 美国"
"怪物少女妮莫娜 / Nimona","2023","美国"
"鬼入侵 / The Haunting of Hill House","2018","美国"
"汤姆的农场旅行 / Tom à la Ferme","2013","加拿大 / 法国"
"厄舍府的崩塌 / The Fall of the House of Usher","2023","美国"
"谁先爱上他的 / 誰先愛上他的","2018","中国台湾"
"孤儿怨 / Orphan","2009","美国 / 加拿大 / 德国 / 法国"
"淡蓝之眸 / The Pale Blue Eye","2022","美国"
"绿光 / Le rayon vert","1986","法国"
"金的音像店 / Kim's Video","2023","美国 / 意大利"
"帝王计划：怪兽遗产 第一季 / Monarch: Legacy of Monsters Season 1","2023","美国 / 日本"
"歌剧魅影 / The Phantom of the Opera","2004","英国 / 美国"
"罗马，不设防的城市 / Roma, città aperta","1945","意大利"
"芬奇 / Finch","2021","美国"
"少数派报告 / Minority Report","2002","美国"
"南海十三郎","1997","中国香港"
"两万种蜜蜂 / 20.000 especies de abejas","2023","西班牙"
"瓦尔特保卫萨拉热窝 / Валтер брани Сарајево","1972","南斯拉夫"
"忍者神龟：变种大乱斗 / Teenage Mutant Ninja Turtles: Mutant Mayhem","2023","美国"
"猎凶风河谷 / Wind River","2017","英国 / 加拿大 / 美国"
"温柔壳","2023","中国大陆"
"巴顿将军 / Patton","1970","美国"
"新桥恋人 / Les amants du Pont-Neuf","1991","法国"
"套装 / The Outfit","2022","美国"
"瓶装火箭 / Bottle Rocket","1996","美国"
"弗兰克 / Frank","2014","英国 / 爱尔兰 / 美国"
"死亡幻觉 / Donnie Darko","2001","美国"
"我自己的爱达荷 / My Own Private Idaho","1991","美国"
"萨特本 / Saltburn","2023","美国 / 英国"
"阳光普照 / 陽光普照","2019","中国台湾"
"何以为家 / كفرناحوم","2018","黎巴嫩 / 美国 / 法国 / 塞浦路斯 / 卡塔尔 / 英国"
"穆赫兰道 / Mulholland Dr.","2001","法国 / 美国"
"正义回廊 / 正義迴廊","2022","中国香港"
"咒术回战 第二季 / 呪術廻戦 第2期","2023","日本"
"西线无战事 / All Quiet on the Western Front","1930","美国"
"椒麻堂会","2021","中国香港 / 法国"
"海王2：失落的王国 / Aquaman and the Lost Kingdom","2023","美国"
"狂人皮埃罗 / Pierrot le fou","1965","法国 / 意大利"
"推手","1991","中国台湾 / 美国"
"超时空接触 / Contact","1997","美国"
"名侦探柯南：黑铁的鱼影 / 名探偵コナン 黒鉄の魚影","2023","日本"
"诺丁山 / Notting Hill","1999","英国 / 美国"
"西雅图未眠夜 / Sleepless in Seattle","1993","美国"
"萨利机长 / Sully","2016","美国"
"两小无猜 / Jeux d'enfants","2003","法国 / 比利时"
"记住 / Remember","2015","加拿大 / 墨西哥 / 德国 / 南非"
"燃冬","2023","中国大陆"
"花月杀手 / Killers of the Flower Moon","2023","美国"
"私恋失调 / Punch-Drunk Love","2002","美国"
"拿破仑 / Napoleon","2023","英国 / 美国"
"非常嫌疑犯 / The Usual Suspects","1995","德国 / 美国"
"我们 / Us","2019","美国 / 日本 / 中国大陆"
"大独裁者 / The Great Dictator","1940","美国"
"飞越疯人院 / One Flew Over the Cuckoo's Nest","1975","美国"
"不虚此行","2023","中国大陆"
"精武英雄","1994","中国香港 / 中国大陆"
"魅影缝匠 / Phantom Thread","2017","美国 / 英国"
"神秘河 / Mystic River","2003","美国 / 澳大利亚"
"涉过愤怒的海","2023","中国大陆"
"精疲力尽 / À bout de souffle","1960","法国"
"雷诺阿 / Renoir","2012","法国"
"水中生活 / The Life Aquatic with Steve Zissou","2004","美国"
"阿飞正传 / 阿飛正傳","1990","中国香港"
"伯德小姐 / Lady Bird","2017","美国"
"完美的世界 / A Perfect World","1993","美国"
"拾荒者统治 / Scavengers Reign","2023","美国"
"AI创世者 / The Creator","2023","美国 / 泰国"
"牯岭街少年杀人事件 / 牯嶺街少年殺人事件","1991","中国台湾"
"伊万的童年 / Иваново детство","1962","苏联"
"心之全蚀 / Total Eclipse","1995","英国 / 法国 / 比利时"
"多哥 / Togo","2019","美国"
"穿普拉达的女王 / The Devil Wears Prada","2006","美国 / 法国"
"K星异客 / K-PAX","2001","美国 / 德国"
"四百击 / Les quatre cents coups","1959","法国"
"杀手 / The Killer","2023","美国"
"云图 / Cloud Atlas","2012","美国 / 德国 / 中国香港 / 新加坡 / 中国大陆 / 英国 / 西班牙"
"威尼斯惊魂夜 / A Haunting in Venice","2023","美国 / 英国 / 意大利"
"魂断威尼斯 / Morte a Venezia","1971","意大利 / 法国"
"战场上的快乐圣诞 / Merry Christmas Mr. Lawrence","1983","英国 / 新西兰 / 日本"
"劳工之爱情","1922","中国大陆"
"黑炮事件","1986","中国大陆"
"唐人街 / Chinatown","1974","美国"
"尸体 / Bodies","2023","英国"
"危机13小时 / 13 Hours: The Secret Soldiers of Benghazi","2016","美国"
"冷山 / Cold Mountain","2003","英国 / 意大利 / 罗马尼亚 / 美国"
"黑社会 / 黑社會","2005","中国香港"
"色，戒","2007","中国台湾 / 中国大陆 / 美国 / 中国香港"
"佛罗里达乐园 / The Florida Project","2017","美国"
"美国丽人 / American Beauty","1999","美国"
"哭声 / 곡성","2016","韩国"
"卡里加里博士的小屋 / Das Cabinet des Dr. Caligari","1920","德国"
"天生一对 / The Parent Trap","1998","美国"
"我们星球上的生命 第一季 / Life on Our Planet Season 1","2023","美国"
"坠落的审判 / Anatomie d'une chute","2023","法国"
"热泪伤痕 / Dolores Claiborne","1995","美国"
"潜行者 / Сталкер","1979","苏联"
"卡萨布兰卡 / Casablanca","1942","美国"
"尼罗河上的惨案 / Death on the Nile","1978","英国"
"上帝之城 / Cidade de Deus","2002","巴西 / 法国"
"河边的错误","2023","中国大陆"
"爱在黎明破晓前 / Before Sunrise","1995","美国 / 奥地利 / 瑞士"
"月球 / Moon","2009","英国 / 美国"
"青春年少 / Rushmore","1998","美国"
"好家伙 / GoodFellas","1990","美国"
"万神殿 第二季 / Pantheon Season 2","2023","美国"
"蝴蝶君 / M. Butterfly","1993","美国 / 加拿大"
"人工智能 / A.I. Artificial Intelligence","2001","美国"
"洛基 第二季 / Loki Season 2","2023","美国"
"卢旺达饭店 / Hotel Rwanda","2004","英国 / 南非 / 意大利 / 美国"
"地球之夜 / Night on Earth","1991","法国 / 英国 / 德国 / 美国 / 日本"
"丹麦女孩 / The Danish Girl","2015","英国 / 美国 / 比利时 / 丹麦 / 德国"
"沉静如海 / Le silence de la mer","2004","法国 / 比利时"
"网络谜踪 / Searching","2018","美国 / 俄罗斯"
"犬之力 / The Power of the Dog","2021","英国 / 澳大利亚 / 美国 / 加拿大 / 新西兰"
"爵士春秋 / All That Jazz","1979","美国"
"回忆三部曲 / Memories","1995","日本"
"雌雄大盗 / Bonnie and Clyde","1967","美国"
"公民凯恩 / Citizen Kane","1941","美国"
"面纱 / The Painted Veil","2006","美国 / 中国大陆 / 加拿大"
"机械姬 / Ex Machina","2014","英国 / 美国"
"西力传 / Zelig","1983","美国"
"冰风暴 / The Ice Storm","1997","美国"
"世界尽头 / The World's End","2013","英国"
"天才一族 / The Royal Tenenbaums","2001","美国"
"潜伏 / Insidious","2010","美国 / 加拿大"
"亨利·休格的神奇故事 / The Wonderful Story of Henry Sugar","2023","美国"
"1917","2019","美国 / 英国 / 印度 / 西班牙 / 加拿大 / 中国大陆"
"惊魂记 / Psycho","1960","美国"
"燃烧女子的肖像 / Portrait de la jeune fille en feu","2019","法国"
"阳光小美女 / Little Miss Sunshine","2006","美国"
"荒野大镖客 / Per un pugno di dollari","1964","意大利 / 西班牙 / 西德"
"黑天鹅 / Black Swan","2010","美国"
"真探 第一季 / True Detective Season 1","2014","美国"
"但是还有书籍","2019","中国大陆"
"一直游到海水变蓝","2020","中国大陆"
"危笑 / Smile","2022","美国"
"坚如磐石","2023","中国大陆"
"月神 / La Luna","2011","美国"
"复仇 / Vengeance","2009","中国香港 / 法国"
"万能钥匙 / The Skeleton Key","2005","美国 / 德国"
"逃离德黑兰 / Argo","2012","美国"
"一个美国消防员的生活 / Life of an American Fireman","1903","美国"
"火车大劫案 / The Great Train Robbery","1903","美国"
"祖母的放大镜 / Grandma's Reading Glass","1900","英国"
"火车进站 / L'arrivée d'un train à La Ciotat","1896","法国"
"橡皮头 / L'homme à la tête en caoutchouc","1901","法国"
"月球旅行记 / Le voyage dans la lune","1902","法国"
"驱魔 / The Exorcism of Emily Rose","2005","美国"
"美丽心灵 / A Beautiful Mind","2001","美国"
"大空头 / The Big Short","2015","美国"
"鹦鹉杀","2023","中国大陆"
"归家之路 / Welcome Home, Roxy Carmichael","1990","英国 / 美国"
"幻影凶间 / 1408","2007","美国"
"血色将至 / There Will Be Blood","2007","美国"
"奇爱博士 / Dr. Strangelove or: How I Learned to Stop Worrying and Love the Bomb","1964","美国 / 英国"
"荒蛮故事 / Relatos salvajes","2014","阿根廷 / 西班牙"
"处刑人 / The Boondock Saints","1999","美国 / 加拿大"
"蓝甲虫 / Blue Beetle","2023","美国 / 墨西哥"
"战马 / War Horse","2011","美国 / 印度"
"莫里斯 / Maurice","1987","英国"
"春天不是读书天 / Ferris Bueller's Day Off","1986","美国"
"穿越大吉岭 / The Darjeeling Limited","2007","美国"
"魂断蓝桥 / Waterloo Bridge","1940","美国"
"神弃之地 / The Devil All the Time","2020","美国"
"现代启示录 / Apocalypse Now","1979","美国"
"千钧一发 / Gattaca","1997","美国"
"安妮·霍尔 / Annie Hall","1977","美国"
"她 / Her","2013","美国"
"孟买酒店 / Hotel Mumbai","2018","澳大利亚 / 美国 / 印度"
"永安镇故事集","2021","中国大陆"
"月升王国 / Moonrise Kingdom","2012","美国"
"斯图尔特：倒带人生 / Stuart: A Life Backwards","2007","英国"
"E.T.外星人 / E.T. the Extra-Terrestrial","1982","美国"
"小岛惊魂 / The Others","2001","美国 / 西班牙 / 法国 / 意大利"
"午夜巴黎 / Midnight in Paris","2011","西班牙 / 美国 / 法国"
"消失的她","2022","中国大陆"
"蝴蝶效应 / The Butterfly Effect","2004","美国 / 加拿大"
"战栗空间 / Panic Room","2002","美国"
"解除好友2：暗网 / Unfriended: Dark Web","2018","美国"
"英国病人 / The English Patient","1996","美国 / 英国"
"奥本海默 / Oppenheimer","2023","美国 / 英国"
"遗传厄运 / Hereditary","2018","美国"
"灯塔 / The Lighthouse","2019","加拿大 / 美国 / 巴西"
"俄罗斯方块 / Tetris","2023","英国 / 美国"
"神枪手之死 / The Assassination of Jesse James by the Coward Robert Ford","2007","美国 / 加拿大 / 英国"
"新小屁孩日记 / Diary of a Wimpy Kid: The Long Haul","2017","美国"
"月光男孩 / Moonlight","2016","美国"
"至爱梵高·星空之谜 / Loving Vincent","2017","英国 / 波兰"
"女巫 / The VVitch: A New-England Folktale","2015","美国 / 英国 / 加拿大 / 巴西"
"魔鬼代言人 / The Devil's Advocate","1997","美国"
"捉鬼敢死队 / Ghostbusters","1984","美国"
"大白鲨 / Jaws","1975","美国"
"不可饶恕 / Unforgiven","1992","美国"
"钢的琴","2010","中国大陆"
"独行侠 / The Lone Ranger","2013","美国"
"后翼弃兵 / The Queen's Gambit","2020","美国"
"无人区","2013","中国大陆"
"盗火线 / Heat","1995","美国"
"一个叫欧维的男人决定去死 / En man som heter Ove","2015","瑞典"
"南京！南京！","2009","中国大陆 / 中国香港"
"豪勇七蛟龙 / The Magnificent Seven","2016","美国 / 澳大利亚"
"星条红与皇室蓝 / Red, White & Royal Blue","2023","美国"
"搜索","2012","中国大陆"
"僵尸肖恩 / Shaun of the Dead","2004","英国 / 法国 / 美国"
"火山挚恋 / Fire of Love","2022","美国 / 加拿大"
"Soho区惊魂夜 / Last Night in Soho","2021","英国"
"红高粱","1988","中国大陆"
"决战犹马镇 / 3:10 to Yuma","2007","美国"
"江湖儿女","2018","中国大陆 / 法国 / 日本"
"美国往事 / Once Upon a Time in America","1984","美国 / 意大利"
"发条橙 / A Clockwork Orange","1971","英国 / 美国"
"外星也难民 第四季 / Solar Opposites Season 4","2023","美国"
"情书 / Love Letter","1995","日本"
"倩女幽魂","1987","中国香港"
"触不可及 / Intouchables","2011","法国"
"全金属外壳 / Full Metal Jacket","1987","英国 / 美国"
"蓝色大门 / 藍色大門","2002","中国台湾 / 法国"
"赴汤蹈火 / Hell or High Water","2016","美国"
"罗曼蒂克消亡史","2016","中国大陆 / 中国香港"
"活着","1994","中国大陆 / 中国香港"
"音乐之声 / The Sound of Music","1965","美国"
"万物理论 / The Theory of Everything","2014","英国 / 日本 / 美国"
"无名之辈","2018","中国大陆"
"钢琴家 / The Pianist","2002","英国 / 法国 / 波兰 / 德国 / 美国"
"偷拐抢骗 / Snatch","2000","英国 / 美国"
"心理游戏 / The Game","1997","美国"
"影子大亨 / The Hudsucker Proxy","1994","英国 / 德国 / 美国"
"超脱 / Detachment","2011","美国"
"功夫瑜伽","2017","中国大陆 / 印度"
"孤注一掷","2023","中国大陆"
"不能说的秘密 / 不能說的·祕密","2007","中国香港 / 中国台湾"
"荒野猎人 / The Revenant","2015","美国 / 中国香港 / 中国台湾"
"热血警探 / Hot Fuzz","2007","英国 / 法国 / 美国"
"黄海 / 황해","2010","韩国 / 美国 / 中国香港"
"土拨鼠之日 / Groundhog Day","1993","美国"
"白莲花度假村 第一季 / The White Lotus Season 1","2021","美国"
"魔法师的学徒 / The Sorcerer's Apprentice","2010","美国"
"波西·杰克逊与魔兽之海 / Percy Jackson: Sea of Monsters","2013","美国"
"波西·杰克逊与神火之盗 / Percy Jackson & the Olympians: The Lightning Thief","2010","英国 / 加拿大 / 美国"
"壮志凌云 / Top Gun","1986","美国"
"巨齿鲨2：深渊 / Meg 2: The Trench","2023","美国 / 中国大陆"
"辛德勒的名单 / Schindler's List","1993","美国"
"米勒的十字路口 / Miller's Crossing","1990","美国"
"饮食男女 / 飲食男女","1994","中国台湾 / 美国"
"花束般的恋爱 / 花束みたいな恋をした","2021","日本"
"喜宴 / 囍宴","1993","中国台湾 / 美国"
"爱丽丝梦游仙境2：镜中奇遇记 / Alice Through the Looking Glass","2016","美国 / 英国"
"国王的演讲 / The King's Speech","2010","美国 / 英国"
"珀尔 / Pearl","2022","新西兰 / 美国"
"催眠大师","2014","中国大陆"
"抚养亚利桑纳 / Raising Arizona","1987","美国"
"雨果 / Hugo","2011","英国 / 美国 / 法国"
"悟空传","2017","中国大陆"
"九层妖塔","2015","中国大陆"
"狄仁杰之神都龙王","2013","中国大陆 / 中国香港"
"小屁孩日记3 / Diary of a Wimpy Kid: Dog Days","2012","美国 / 加拿大"
"小屁孩日记2 / Diary of a Wimpy Kid: Rodrick Rules","2011","美国"
"小屁孩日记 / Diary of a Wimpy Kid","2010","美国"
"中国合伙人","2013","中国大陆 / 中国香港"
"夜访吸血鬼 / Interview with the Vampire: The Vampire Chronicles","1994","美国"
"捉妖记2","2018","中国大陆 / 中国香港"
"煎饼侠","2015","中国大陆"
"甜蜜蜜","1996","中国香港"
"巴黎，我爱你 / Paris, je t'aime","2006","法国 / 列支敦士登 / 瑞士 / 德国 / 美国"
"马戏之王 / The Greatest Showman","2017","美国"
"心灵捕手 / Good Will Hunting","1997","美国"
"芭比 / Barbie","2023","美国 / 英国"
"血迷宫 / Blood Simple","1984","美国"
"时间旅行者的妻子 / The Time Traveler's Wife","2009","美国"
"谍影重重 / The Bourne Identity","2002","美国 / 德国 / 捷克"
"巴顿·芬克 / Barton Fink","1991","美国 / 英国"
"断背山 / Brokeback Mountain","2005","美国 / 加拿大"
"逃狱三王 / O Brother, Where Art Thou?","2000","英国 / 法国 / 美国"
"星球大战9：天行者崛起 / Star Wars: The Rise of Skywalker","2019","美国"
"魔女嘉莉 / Carrie","1976","美国"
"小行星城 / Asteroid City","2023","美国"
"星球大战8：最后的绝地武士 / Star Wars: The Last Jedi","2017","美国"
"醉乡民谣 / Inside Llewyn Davis","2013","美国 / 英国 / 法国"
"星球大战7：原力觉醒 / Star Wars: The Force Awakens","2015","美国"
"死亡诗社 / Dead Poets Society","1989","美国"
"封神第一部：朝歌风云","2023","中国大陆"
"阅后即焚 / Burn After Reading","2008","美国 / 英国 / 法国"
"星球大战前传3：西斯的反击 / Star Wars: Episode III - Revenge of the Sith","2005","美国"
"一次短暂的分歧 / A Brief Disagreement","2022","英国"
"心花路放","2014","中国大陆"
"星球大战前传2：克隆人的进攻 / Star Wars: Episode II - Attack of the Clones","2002","美国"
"未麻的部屋 / Perfect Blue","1997","日本"
"千年女优 / 千年女優","2001","日本"
"星球大战前传1：幽灵的威胁 / Star Wars: Episode I - The Phantom Menace","1999","美国"
"碟中谍7：致命清算 / Mission: Impossible – Dead Reckoning Part One","2023","美国"
"东京教父 / 東京ゴッドファーザーズ","2003","日本"
"星球大战3：绝地归来 / Star Wars: Episode VI - Return of the Jedi","1983","美国"
"巴斯特·斯克鲁格斯的歌谣 / The Ballad of Buster Scruggs","2018","美国"
"星球大战2：帝国反击战 / Star Wars: Episode V - The Empire Strikes Back","1980","美国"
"红辣椒 / パプリカ","2006","日本"
"老无所依 / No Country for Old Men","2007","美国"
"星球大战 / Star Wars","1977","美国"
"杀手没有假期 / In Bruges","2008","英国 / 美国"
"集结号","2007","中国大陆 / 中国香港"
"疤面煞星 / Scarface","1983","美国"
"银河护卫队3 / Guardians of the Galaxy Vol. 3","2023","美国"
"银翼杀手 / Blade Runner","1982","美国 / 英国 / 中国香港"
"一步之遥","2014","中国大陆 / 美国 / 中国香港"
"长安三万里","2023","中国大陆"
"阿丽塔：战斗天使 / Alita: Battle Angel","2019","美国 / 日本 / 加拿大"
"兔子暴力","2020","中国大陆"
"大护法","2017","中国大陆"
"谋杀绿脚趾 / The Big Lebowski","1998","美国 / 英国"
"风声","2009","中国大陆"
"迷魂记 / Vertigo","1958","美国"
"大地惊雷 / True Grit","2010","美国"
"万箭穿心","2012","中国大陆"
"阳光灿烂的日子","1994","中国大陆 / 中国香港"
"午夜弥撒 / Midnight Mass","2021","美国"
"夺宝奇兵5：命运转盘 / Indiana Jones and the Dial of Destiny","2023","美国"
"地心引力 / Gravity","2013","英国 / 美国 / 墨西哥"
"无间道 / 無間道","2002","中国香港"
"夺宝奇兵4 / Indiana Jones and the Kingdom of the Crystal Skull","2008","美国"
"恋恋笔记本 / The Notebook","2004","美国"
"破·局","2017","中国大陆"
"天下无贼","2004","中国大陆 / 中国香港"
"夺宝奇兵3 / Indiana Jones and the Last Crusade","1989","美国"
"最后的武士 / The Last Samurai","2003","美国 / 新西兰 / 日本"
"大明劫","2013","中国大陆"
"重返地球 / After Earth","2013","美国"
"第六感 / The Sixth Sense","1999","美国"
"手机","2003","中国大陆"
"夺宝奇兵2 / Indiana Jones and the Temple of Doom","1984","美国"
"神探","2007","中国香港"
"燃情岁月 / Legends of the Fall","1994","美国"
"夺宝奇兵 / Raiders of the Lost Ark","1981","美国"
"吸血鬼生活 / What We Do in the Shadows","2014","新西兰 / 美国"
"蜡笔小新：梦境世界大突击 / クレヨンしんちゃん 爆睡!ユメミーワールド大突撃","2016","日本"
"危情十日 / Misery","1990","美国"
"我的错误 / Culpa mía","2023","西班牙"
"瑞士军刀男 / Swiss Army Man","2016","美国"
"本杰明·巴顿奇事 / The Curious Case of Benjamin Button","2008","美国"
"黑鹰坠落 / Black Hawk Down","2001","美国 / 英国"
"狄仁杰之四大天王","2018","中国大陆 / 中国香港"
"闪电侠 / The Flash","2023","美国 / 加拿大 / 澳大利亚 / 新西兰"
"漫长的季节","2023","中国大陆"
"大腕","2001","中国大陆 / 中国香港"
"大鱼 / Big Fish","2003","美国"
"怪兽屋 / Monster House","2006","美国"
"小鸡快跑 / Chicken Run","2000","英国 / 美国 / 法国"
"乐高幻影忍者大电影 / The Lego Ninjago Movie","2017","美国 / 丹麦"
"八佰","2020","中国大陆"
"勇敢的心 / Braveheart","1995","美国"
"两杆大烟枪 / Lock, Stock and Two Smoking Barrels","1998","英国"
"投名状","2007","中国大陆 / 中国香港"
"战狼","2015","中国大陆"
"战狼2","2017","中国大陆"
"冰血暴 / Fargo","1996","美国 / 英国"
"勇敢者的游戏 / Jumanji","1995","美国"
"一九四二","2012","中国大陆"
"荒岛余生 / Cast Away","2000","美国"
"一一","2000","中国台湾 / 日本"
"酒精计划 / Druk","2020","丹麦 / 瑞典 / 荷兰"
"蜘蛛侠：纵横宇宙 / Spider-Man: Across the Spider-Verse","2023","美国"
"2001太空漫游 / 2001: A Space Odyssey","1968","英国 / 美国"
"无问西东","2018","中国大陆"
"天才瑞普利 / The Talented Mr. Ripley","1999","美国"
"战争之王 / Lord of War","2005","美国 / 德国"
"大侦探福尔摩斯2：诡影游戏 / Sherlock Holmes: A Game of Shadows","2011","美国"
"寻龙诀","2015","中国大陆 / 中国香港"
"阿甘正传 / Forrest Gump","1994","美国"
"降临 / Arrival","2016","美国 / 加拿大"
"疾速追杀4 / John Wick: Chapter 4","2023","美国"
"末路狂花 / Thelma & Louise","1991","美国 / 英国 / 法国"
"爱跃星空 / Entergalactic","2022","美国 / 英国"
"白蛇：缘起","2019","中国大陆 / 美国"
"雨中曲 / Singin' in the Rain","1952","美国"
"宇宙探索编辑部","2021","中国大陆"
"碟中谍6：全面瓦解 / Mission: Impossible - Fallout","2018","美国 / 中国大陆 / 法国 / 挪威 / 英国"
"龙与地下城：侠盗荣耀 / Dungeons & Dragons: Honor Among Thieves","2023","美国 / 加拿大"
"大鱼海棠","2016","中国大陆"
"雷霆沙赞！众神之怒 / Shazam! Fury of the Gods","2023","美国"
"达拉斯买家俱乐部 / Dallas Buyers Club","2013","美国"
"楚门的世界 / The Truman Show","1998","美国"
"蚁人与黄蜂女：量子狂潮 / Ant-Man and the Wasp: Quantumania","2023","美国"
"水形物语 / The Shape of Water","2017","美国 / 墨西哥"
"无名","2023","中国大陆"
"女主角 / Leading Lady Parts","2018","英国"
"碟中谍5：神秘国度 / Mission: Impossible - Rogue Nation","2015","美国 / 中国大陆 / 奥地利 / 英国 / 摩洛哥"
"大侦探福尔摩斯 / Sherlock Holmes","2009","美国 / 德国 / 英国 / 澳大利亚"
"碟中谍4 / Mission: Impossible - Ghost Protocol","2011","美国"
"师父","2015","中国大陆"
"爆裂鼓手 / Whiplash","2014","美国"
"铃芽之旅 / すずめの戸締まり","2022","日本"
"鼠国流浪记 / Flushed Away","2006","英国 / 美国"
"抢劫坚果店 / The Nut Job","2014","加拿大 / 韩国 / 美国"
"深海","2023","中国大陆"
"碟中谍3 / Mission: Impossible III","2006","美国 / 德国 / 中国大陆 / 意大利"
"一级恐惧 / Primal Fear","1996","美国"
"绿里奇迹 / The Green Mile","1999","美国"
"夏日友晴天 / Luca","2021","美国"
"消失的爱人 / Gone Girl","2014","美国"
"魔法满屋 / Encanto","2021","美国"
"时空恋旅人 / About Time","2013","英国 / 美国"
"穿靴子的猫2 / Puss in Boots: The Last Wish","2022","美国"
"碟中谍2 / Mission: Impossible II","2000","美国 / 德国"
"美国精神病人 / American Psycho","2000","美国 / 加拿大"
"巴比伦 / Babylon","2022","美国"
"碟中谍 / Mission: Impossible","1996","美国"
"骨及所有 / Bones and All","2022","意大利 / 美国"
"致命ID / Identity","2003","美国"
"黑豹2 / Black Panther: Wakanda Forever","2022","美国"
"流浪地球2","2023","中国大陆"
"比利·林恩的中场战事 / Billy Lynn's Long Halftime Walk","2016","美国 / 英国 / 中国大陆"
"模仿游戏 / The Imitation Game","2014","英国 / 美国"
"阴谋职场 第二季 / Inside Job Season 2","2022","美国"
"江湖菜馆 第三季","2022","中国大陆"
"虎豹小霸王 / Butch Cassidy and the Sundance Kid","1969","美国"
"伊尼舍林的报丧女妖 / The Banshees of Inisherin","2022","爱尔兰 / 英国 / 美国"
"英雄","2002","中国大陆 / 中国香港"
"满江红","2023","中国大陆"
"晒后假日 / Aftersun","2022","英国 / 美国"
"奇迹·笨小孩","2022","中国大陆"
"一个勺子","2014","中国大陆"
"葫芦兄弟","2008","中国大陆"
"西线无战事 / Im Westen nichts Neues","2022","德国 / 美国 / 英国"
"瑞克和莫蒂 第六季 / Rick and Morty Season 6","2022","美国"
"九品芝麻官","1994","中国香港"
"中国奇谭","2023","中国大陆"
"小妇人 / Little Women","2019","美国"
"勇敢者游戏2：再战巅峰 / Jumanji: The Next Level","2019","美国"
"三块广告牌 / Three Billboards Outside Ebbing, Missouri","2017","英国 / 美国"
"菜单 / The Menu","2022","美国"
"恐怖直播 / 더 테러 라이브","2013","韩国"
"请以你的名字呼唤我 / Call Me by Your Name","2017","意大利 / 法国 / 巴西 / 美国"
"再次出发之纽约遇见你 / Begin Again","2013","美国"
"不 / Nope","2022","美国 / 日本 / 加拿大"
"血战钢锯岭 / Hacksaw Ridge","2016","澳大利亚 / 美国"
"出租车司机 / Taxi Driver","1976","美国"
"人生第一次","2020","中国大陆"
"利刃出鞘2 / Glass Onion: A Knives Out Mystery","2022","美国"
"狩猎 / Jagten","2012","丹麦 / 瑞典"
"邋遢大王奇遇记","2012","中国大陆"
"喜羊羊与灰太狼之兔年顶呱呱","2011","中国大陆"
"三体","2022","中国大陆"
"绿皮书 / Green Book","2018","美国 / 中国大陆"
"阿凡达：水之道 / Avatar: The Way of Water","2022","美国"
"疯狂的石头","2006","中国大陆 / 中国香港"
"龙纹身的女孩 / The Girl with the Dragon Tattoo","2011","美国 / 瑞典"
"世界之战 / War of the Worlds","2005","美国"
"圆梦巨人 / The BFG","2016","美国 / 英国"
"拯救大兵瑞恩 / Saving Private Ryan","1998","美国"
"开心超人","2013","中国大陆"
"雾山五行","2016","中国大陆"
"射雕英雄传之东成西就 / 射鵰英雄傳之東成西就","1993","中国香港"
"长江七号","2008","中国大陆 / 中国香港"
"西游降魔篇","2013","中国大陆 / 中国香港"
"新喜剧之王","2019","中国大陆 / 中国香港"
"喜剧之王 / 喜劇之王","1999","中国香港"
"好莱坞往事 / Once Upon a Time... in Hollywood","2019","美国 / 英国 / 中国大陆"
"致命魔术 / The Prestige","2006","英国 / 美国"
"棒！少年","2020","中国大陆"
"辛亥革命","2011","中国大陆 / 中国香港"
"乔乔的异想世界 / Jojo Rabbit","2019","美国 / 捷克 / 新西兰"
"妈妈！","2022","中国大陆"
"明日战记 / 明日戰記","2022","中国香港 / 中国大陆"
"11度青春之《老男孩》","2010","中国大陆"
"老男孩猛龙过江","2014","中国大陆"
"车四十四","2001","中国香港 / 美国"
"信号 / Signs","2008","澳大利亚"
"十二宫 / Zodiac","2007","美国"
"银河护卫队：假日特辑 / The Guardians of the Galaxy Holiday Special","2022","美国"
"调音师 / Andhadhun","2018","印度"
"白发魔女传之明月天国","2014","中国大陆"
"太平轮(上)","2014","中国大陆 / 中国香港"
"黑亚当 / Black Adam","2022","美国 / 加拿大 / 新西兰 / 匈牙利"
"成龙历险记 第一季 / Jackie Chan Adventures Season 1","2000","美国 / 中国香港"
"杀死比尔2 / Kill Bill: Vol. 2","2004","美国"
"杀死比尔：整个血腥事件 / Kill Bill: The Whole Bloody Affair","2006","美国"
"狗命","2019","中国大陆"
"高山下的花环","1984","中国大陆"
"Hello！树先生","2011","中国大陆"
"疯狂动物城+ / Zootopia+","2022","美国"
"万神殿 第一季 / Pantheon Season 1","2022","美国"
"记忆碎片 / Memento","2000","美国"
"爱情神话","2021","中国大陆"
"搏击俱乐部 / Fight Club","1999","美国"
"哪吒闹海","1979","中国大陆"
"大闹天宫","1961","中国大陆"
"七宗罪 / Se7en","1995","美国"
"彗星来的那一夜 / Coherence","2013","美国 / 英国"
"杀死比尔 / Kill Bill: Vol. 1","2003","美国"
"海上钢琴师 / La leggenda del pianista sull'oceano","1998","意大利"
"白日梦想家 / The Secret Life of Walter Mitty","2013","美国 / 英国"
"新神榜：杨戬","2022","中国大陆"
"教父 / The Godfather","1972","美国"
"伴我同行 / Stand by Me","1986","美国"
"暗杀 / 암살","2015","韩国"
"至暗时刻 / Darkest Hour","2017","英国 / 美国"
"低俗小说 / Pulp Fiction","1994","美国"
"吉尔莫·德尔·托罗的奇思妙想 / Guillermo del Toro's Cabinet of Curiosities","2022","美国 / 墨西哥"
"毕业生 / The Graduate","1967","美国"
"分手的决心 / 헤어질 결심","2022","韩国"
"新木乃伊 / The Mummy","2017","美国 / 中国大陆 / 日本"
"新少林寺","2011","中国大陆 / 中国香港"
"冰封：重生之门","2014","中国大陆"
"黄飞鸿之英雄有梦","2014","中国大陆 / 中国香港 / 英国"
"一个人的武林","2014","中国大陆 / 中国香港"
"光年正传 / Lightyear","2022","美国"
"杀人回忆 / 살인의 추억","2003","韩国"
"麦兜故事 / 麥兜故事","2001","中国香港"
"赤壁(下)","2009","中国大陆 / 中国香港 / 日本 / 中国台湾 / 韩国"
"孔子","2010","中国大陆 / 中国香港"
"鸿门宴传奇","2011","中国大陆 / 中国香港"
"暗夜狼人 / Werewolf by Night","2022","美国"
"外星也难民：万圣节特别篇 / A Sinister Halloween Scary Opposites Solar Special","2022","美国"
"胶囊计划","2022","中国大陆"
"速度与激情：特别行动 / Fast & Furious Presents: Hobbs & Shaw","2019","美国 / 日本"
"寄生虫 / 기생충","2019","韩国"
"憨豆的黄金周 / Mr. Bean's Holiday","2007","英国 / 法国 / 德国"
"赛博朋克：边缘行者 第一季 / Cyberpunk: Edgerunners Season 1","2022","日本 / 美国 / 波兰"
"子弹列车 / Bullet Train","2022","美国 / 日本"
"社交网络 / The Social Network","2010","美国"
"咒术回战0 / 劇場版 呪術廻戦 0","2021","日本"
"头文字D / 頭文字D","2005","中国香港 / 日本"
"捉妖记","2015","中国大陆 / 中国香港"
"青春派","2013","中国大陆"
"雷神4：爱与雷霆 / Thor: Love and Thunder","2022","澳大利亚 / 美国"
"芳华","2017","中国大陆"
"人生大事","2022","中国大陆 / 中国香港"
"神探大战 / 神探大戰","2022","中国香港 / 中国大陆"
"追凶者也","2016","中国大陆"
"大师兄 / 大師兄","2018","中国大陆 / 中国香港"
"甲方乙方","1997","中国大陆"
"心迷宫","2014","中国大陆"
"绿巨人浩克 / Hulk","2003","美国"
"卧虎藏龙 / 臥虎藏龍","2000","中国台湾 / 中国香港 / 美国 / 中国大陆"
"过春天","2018","中国大陆"
"唐伯虎点秋香 / 唐伯虎點秋香","1993","中国香港"
"丁丁历险记 第三季 / The Adventures of Tintin Season 3","1992","法国 / 加拿大 / 比利时 / 美国"
"丁丁历险记 第二季 / The Adventures of Tintin Season 2","1992","法国 / 加拿大 / 比利时 / 美国"
"丁丁历险记 第一季 / The Adventures of Tintin Season 1","1991","法国 / 加拿大 / 比利时 / 美国"
"暗夜博士：莫比亚斯 / Morbius","2022","美国"
"辅助轮 / Training Wheels","2013","美国"
"布达佩斯大饭店 / The Grand Budapest Hotel","2014","美国 / 德国 / 英国"
"爱乐之城 / La La Land","2016","美国"
"小黄人大眼萌：神偷奶爸前传 / Minions: The Rise of Gru","2022","美国"
"这个杀手不太冷静","2022","中国大陆"
"李茶的姑妈","2018","中国大陆"
"独行月球","2022","中国大陆"
"关机一小时","2015","中国大陆"
"肤色 / Skin","2018","美国"
"城堡岩 第二季 / Castle Rock Season 2","2019","美国"
"校合唱团的秘密 / Mindenki","2016","匈牙利"
"婚纱照","2013","中国大陆"
"嘉年华","2017","中国大陆 / 法国"
"醉美人生","2015","中国大陆"
"星之彩 / Color Out of Space","2019","葡萄牙 / 美国 / 马来西亚"
"我不是潘金莲","2016","中国大陆"
"智取威虎山","2014","中国大陆 / 中国香港"
"背靠背，脸对脸","1994","中国大陆 / 中国香港"
"自杀热线 / The Phone Call","2013","英国"
"猫和老鼠 / Tom and Jerry","1965","美国"
"红楼梦","1987","中国大陆"
"西游记","1986","中国大陆"
"犬夜叉","2000","日本"
"生门","2016","中国大陆"
"宵禁 / Curfew","2012","美国"
"大红灯笼高高挂","1991","中国大陆 / 中国香港 / 中国台湾"
"外星也难民 第三季 / Solar Opposites Season 3","2022","美国"
"捉迷藏","2016","中国大陆"
"乐高忍者：旋风术大师 第十季 / Ninjago: Masters of Spinjitzu Season 10","2019","美国"
"乐高忍者：旋风术大师 第九季 / Ninjago: Masters of Spinjitzu Season 9","2018","美国"
"乐高忍者：旋风术大师 第八季 / Ninjago: Masters of Spinjitzu Season 8","2018","美国"
"乐高忍者：旋风术大师 第七季 / Ninjago: Masters of Spinjitzu Season 7","2017","美国"
"乐高忍者：旋风术大师 第六季 / Ninjago: Masters of Spinjitzu Season 6","2016","美国"
"乐高忍者：旋风术大师 第五季 / Ninjago: Masters of Spinjitzu Season 5","2015","美国"
"乐高忍者：旋风术大师 第四季 / Ninjago: Masters of Spinjitzu Season 4","2015","美国"
"乐高忍者：旋风术大师 第三季 / Ninjago: Masters of Spinjitzu Season 3","2014","美国"
"乐高忍者：旋风术大师 第二季 / Ninjago: Masters of Spinjitzu Season 2","2012","美国"
"乐高忍者：旋风术大师 第一季 / Ninjago: Masters of Spinjitzu Season 1","2011","美国"
"一代宗师 / 一代宗師","2013","中国大陆 / 中国香港"
"奇异博士2：疯狂多元宇宙 / Doctor Strange in the Multiverse of Madness","2022","美国"
"赤壁(上)","2008","中国大陆 / 中国香港 / 中国台湾 / 日本 / 韩国"
"满城尽带黄金甲","2006","中国大陆 / 中国香港"
"一条狗的使命2 / A Dog's Journey","2019","中国大陆 / 印度 / 中国香港 / 美国"
"一条狗的使命 / A Dog's Purpose","2017","美国"
"侏罗纪世界3 / Jurassic World: Dominion","2022","美国 / 马耳他"
"冰雪奇缘2 / Frozen II","2019","美国"
"金刚 / King Kong","2005","新西兰 / 美国 / 德国"
"八恶人 / The Hateful Eight","2015","美国"
"詹姆斯·卡梅隆的科幻故事 / Story of Science Fiction","2018","美国"
"新世纪福音战士剧场版：死与新生 / 新世紀エヴァンゲリオン劇場版 シト新生","1997","日本"
"新世纪福音战士剧场版：复兴 / 新世紀エヴァンゲリオン劇場版 DEATH(TRUE)²/Air/まごころを、君に","1998","日本"
"新世纪福音战士 2003重制版 / 新世紀エヴァンゲリオン リニューアル版","2003","日本"
"公牛历险记 / Ferdinand","2017","美国"
"和平使者 第一季 / Peacemaker Season 1","2022","美国"
"大神偷卡门 第三季 / Carmen Sandiego Season 3","2020","美国"
"敦刻尔克 / Dunkirk","2017","英国 / 法国 / 美国 / 荷兰"
"了不起的盖茨比 / The Great Gatsby","2013","澳大利亚 / 美国"
"坏蛋联盟 / The Bad Guys","2022","美国"
"失控快递 / The Courier","2019","英国"
"怪奇物语 第四季 / Stranger Things Season 4","2022","美国"
"瞬息全宇宙 / Everything Everywhere All at Once","2022","美国"
"爱，死亡和机器人 第三季 / Love, Death & Robots Season 3","2022","美国"
"茶馆","1982","中国大陆"
"泰山归来：险战丛林 / The Legend of Tarzan","2016","英国 / 加拿大 / 美国 / 澳大利亚"
"神奇动物：邓布利多之谜 / Fantastic Beasts: The Secrets of Dumbledore","2022","英国 / 美国"
"大神偷卡门 第二季 / Carmen Sandiego Season 2","2019","美国"
"蜘蛛侠 第一季 / Spider-Man Season 1","2017","美国"
"超级蜘蛛侠 / Spider-Man Unlimited","1999","美国"
"终极蜘蛛侠 第一季 / Ultimate Spider-Man Season 1","2012","美国"
"高米迪 / Gormiti: The Lords of Nature Return!","2008","意大利"
"成龙历险记 第二季 / Jackie Chan Adventures Season 2","2001","美国 / 中国香港"
"少年骇客：全面进化 第一季 / Ben 10: Omniverse Season 1","2012","美国"
"变身侠阿奔 第一季 / Ben 10 Season 1","2005","美国"
"神秘海域 / Uncharted","2022","美国"
"华尔街之狼 / The Wolf of Wall Street","2013","美国"
"边境杀手 / Sicario","2015","美国 / 墨西哥 / 中国香港"
"边城","1984","中国大陆"
"阿Q正传","1981","中国大陆"
"大神偷卡门 第一季 / Carmen Sandiego Season 1","2019","美国"
"六拳一气 / Seis Manos","2019","美国"
"月光骑士 / Moon Knight","2022","美国"
"恐怖游轮 / Triangle","2009","英国 / 澳大利亚"
"林中小屋 / The Cabin in the Woods","2011","加拿大 / 美国"
"虫虫危机 / A Bug's Life","1998","美国"
"回到未来 / Back to the Future","1985","美国"
"假如…？ 第一季 / What If...? Season 1","2021","美国"
"黑袍纠察队：劣迹 / The Boys Presents: Diabolical","2022","美国"
"青春变形记 / Turning Red","2022","美国"
"熊出没之熊心归来","2016","中国大陆"
"熊出没·变形记","2018","中国大陆"
"神兵小将","2009","中国大陆"
"熊出没之年货","2014","中国大陆"
"熊出没之过年","2013","中国大陆"
"熊出没·原始时代","2019","中国大陆"
"动物特工局","2019","中国大陆 / 法国"
"降世神通：科拉传奇 第四季 / The Legend of Korra Season 4","2014","美国"
"精灵王座","2016","中国大陆"
"山水情","1988","中国大陆"
"白月儿","2021","中国大陆"
"新蝙蝠侠 / The Batman","2022","美国"
"降世神通：科拉传奇 第三季 / The Legend of Korra Season 3","2014","美国"
"亚当计划 / The Adam Project","2022","美国"
"降世神通：科拉传奇 第二季 / The Legend of Korra Season 2","2013","美国 / 韩国 / 日本"
"降世神通：科拉传奇 第一季 / The Legend of Korra Season 1","2012","美国"
"睡沙发的人","2017","中国大陆"
"棋魂 / ヒカルの碁","2001","日本"
"无耻混蛋 / Inglourious Basterds","2009","德国 / 美国"
"咒术回战 第一季 / 呪術廻戦","2020","日本"
"格林 第三季 / Grimm Season 3","2013","美国"
"格林 第二季 / Grimm Season 2","2012","美国"
"格林 第一季 / Grimm Season 1","2011","美国"
"太极2：英雄崛起","2012","中国大陆"
"太极1：从零开始","2012","中国大陆"
"看不见的客人 / Contratiempo","2016","西班牙"
"降世神通 第三季 / Avatar Season 3 : The Fire Volume Season 3","2007","美国"
"战栗黑洞 / In the Mouth of Madness","1994","美国"
"王牌特工：源起 / The King's Man","2021","英国 / 美国"
"降世神通 第二季 / Avatar Season 2 : The Earth Volume Season 2","2006","美国"
"解救吾先生","2015","中国大陆"
"白日焰火","2014","中国大陆"
"亲爱的","2014","中国大陆 / 中国香港"
"失孤","2015","中国大陆 / 中国香港"
"利刃出鞘 / Knives Out","2019","美国"
"大话西游之大圣娶亲 / 西遊記大結局之仙履奇緣","1995","中国香港 / 中国大陆"
"被解救的姜戈 / Django Unchained","2012","美国"
"星际穿越 / Interstellar","2014","美国 / 英国 / 加拿大"
"猫鼠游戏 / Catch Me If You Can","2002","美国 / 加拿大"
"星际特工：千星之城 / Valérian and the City of a Thousand Planets","2017","法国 / 中国大陆 / 比利时 / 德国 / 阿联酋 / 美国 / 加拿大 / 新西兰 / 新加坡 / 英国 / 泰国"
"澳门风云3 / 賭城風雲III","2016","中国香港 / 中国大陆"
"澳门风云 / 賭城風雲","2014","中国大陆 / 中国香港"
"澳门风云2 / 賭城風雲II","2015","中国香港 / 中国大陆"
"十二生肖","2012","中国大陆 / 中国香港"
"新世界","2020","中国大陆"
"南方车站的聚会","2019","中国大陆 / 法国"
"我不是药神","2018","中国大陆"
"熊出没之夺宝熊兵","2014","中国大陆"
"斯巴达300勇士 / 300","2006","美国"
"机器人9号 / 9","2009","美国"
"雄狮少年","2021","中国大陆"
"智能大反攻 / The Mitchells vs. The Machines","2021","美国 / 加拿大 / 中国香港"
"移动迷宫3：死亡解药 / Maze Runner: The Death Cure","2018","美国"
"黑暗正义联盟 / Justice League Dark","2017","美国"
"乐高大电影2 / The Lego Movie 2: The Second Part","2019","美国 / 澳大利亚 / 挪威 / 丹麦"
"超级大坏蛋 / Megamind","2010","美国"
"老雷斯的故事 / The Lorax","2012","美国 / 法国"
"51号星球 / Planet 51","2009","西班牙 / 英国 / 美国"
"豚鼠特攻队 / G-Force","2009","美国"
"丛林大反攻2 / Open Season 2","2008","美国"
"丛林大反攻 / Open Season","2006","美国"
"丛林大反攻3 / Open Season 3","2010","美国"
"丛林有情狼 / Alpha and Omega","2010","美国 / 印度 / 加拿大"
"快乐的大脚2 / Happy Feet Two","2011","澳大利亚 / 美国"
"恐惧街3 / Fear Street 3","2021","美国"
"恐惧街2 / Fear Street 2","2021","美国"
"忌日快乐 / Happy Death Day","2017","美国"
"城堡岩 第一季 / Castle Rock Season 1","2018","美国"
"大话西游之月光宝盒 / 西遊記第壹佰零壹回之月光寶盒","1995","中国香港 / 中国大陆"
"怒火·重案 / 怒火","2021","中国香港 / 中国大陆"
"误杀2","2021","中国大陆"
"恐惧街 / Fear Street","2021","美国"
"万万没想到","2015","中国大陆"
"大闹天竺","2017","中国大陆"
"美人鱼","2016","中国大陆 / 中国香港"
"唐人街探案","2020","中国大陆"
"西虹市首富","2018","中国大陆"
"扬名立万","2021","中国大陆"
"少年的你","2019","中国大陆 / 中国香港"
"黄金大劫案","2012","中国大陆"
"缝纫机乐队","2017","中国大陆"
"铁道英雄","2021","中国大陆"
"大黄蜂 / Bumblebee","2018","美国 / 中国大陆"
"雷霆沙赞！ / Shazam!","2019","美国 / 加拿大"
"精灵旅社4：变身大冒险 / Hotel Transylvania 4: Transformania","2022","美国"
"欢乐好声音2 / Sing 2","2021","美国"
"永恒族 / Eternals","2021","美国"
"蜘蛛侠：英雄无归 / Spider-Man: No Way Home","2021","美国"
"湮灭 / Annihilation","2018","美国 / 英国"
"古董局中局","2021","中国大陆 / 中国香港"
"哥斯拉大战金刚 / Godzilla vs Kong","2021","美国"
"明日之战 / The Tomorrow War","2021","美国"
"铁血战士 / The Predator","2018","美国 / 加拿大"
"全球风暴 / Geostorm","2017","美国"
"巨齿鲨 / The Meg","2018","美国 / 中国大陆 / 中国香港"
"狂暴巨兽 / Rampage","2018","美国"
"金刚：骷髅岛 / Kong: Skull Island","2017","美国 / 中国大陆"
"忍者神龟2：破影而出 / Teenage Mutant Ninja Turtles: Out of the Shadows","2016","美国 / 中国香港 / 中国大陆 / 加拿大 / 丹麦 / 德国 / 英国"
"环太平洋：雷霆再起 / Pacific Rim: Uprising","2018","英国 / 中国大陆 / 日本 / 美国 / 墨西哥"
"变形金刚5：最后的骑士 / Transformers: The Last Knight","2017","美国 / 中国大陆 / 加拿大"
"神奇女侠 / Wonder Woman","2017","美国 / 中国大陆 / 中国香港"
"超凡蜘蛛侠2 / The Amazing Spider-Man 2","2014","美国"
"飞行家 / The Aviator","2004","美国 / 德国"
"了不起的狐狸爸爸 / Fantastic Mr. Fox","2009","美国"
"仲夏夜魔法 / Strange Magic","2015","美国"
"怪兽在巴黎 / Un monstre à Paris","2011","法国"
"钢铁侠3 / Iron Man 3","2013","美国 / 中国大陆"
"喜羊羊与灰太狼之虎虎生威","2010","中国大陆"
"独立日2：卷土重来 / Independence Day: Resurgence","2016","美国"
"超能敢死队 / Ghostbusters: Afterlife","2021","加拿大 / 美国"
"神奇女侠1984 / Wonder Woman 1984","2020","美国 / 英国 / 西班牙"
"小丑回魂2 / It: Chapter Two","2019","加拿大 / 美国"
"小丑回魂 / It","2017","美国 / 加拿大"
"飞出个未来 第一季 / Futurama Season 1","1999","美国"
"马男波杰克 第一季 / BoJack Horseman Season 1","2014","美国"
"氰化欢乐秀 第四季 / The Cyanide and Happiness Show Season 4","2019","美国"
"莫蒂法官：佐治亚州诉瑞克·阿伦 / Judge Morty: State of Georgia Vs. Rick Allen","2016","美国"
"外星也难民：圣诞特别篇 / A Very Solar Holiday Opposites Special","2021","美国"
"奇门遁甲","2017","中国大陆 / 中国香港"
"攀登者","2019","中国大陆"
"长津湖","2021","中国大陆 / 中国香港"
"爱与怪物 / Love and Monsters","2020","美国 / 加拿大"
"老炮儿","2015","中国大陆"
"刺杀小说家","2021","中国大陆"
"悬崖之上","2021","中国大陆 / 中国香港"
"不要抬头 / Don't Look Up","2021","美国"
"唐人街探案3","2021","中国大陆 / 中国香港 / 日本"
"洛基 第一季 / Loki Season 1","2021","美国"
"旺达幻视 / WandaVision","2021","美国"
"麦兜·饭宝奇兵","2016","中国大陆 / 中国香港"
"麦兜·我和我妈妈 / 麥兜‧我和我媽媽","2014","中国香港 / 中国大陆"
"麦兜·当当伴我心 / 麥兜‧噹噹伴我心","2012","中国大陆 / 中国香港"
"西游伏妖篇","2017","中国大陆 / 中国香港"
"怪诞小镇迷你剧 第一季 / Gravity Falls Shorts Season 1","2013","美国"
"怪诞小镇迷你剧 第二季 / Gravity Falls Shorts Season 2","2014","美国"
"怪诞小镇迷你剧 第三季 / Gravity Falls Shorts Season 3","2014","美国"
"怪诞小镇迷你剧 第四季 / Gravity Falls Shorts Season 4","2014","美国"
"怪诞小镇迷你剧 第五季 / Gravity Falls Shorts Season 5","2014","美国"
"怪诞小镇特别篇：松林之间 / Gravity Falls: Between the Pines","2016","美国"
"误杀","2019","中国大陆"
"飞哥与小佛 第一季 / Phineas and Ferb Season 1","2007","美国"
"氰化欢乐秀 第二季 / The Cyanide and Happiness Show Season 2","2015","美国"
"氰化欢乐秀 第三季 / Cyanide and Happiness Show Season 3","2017","美国"
"腌黄瓜先生 第四季 / Mr. Pickles Season 4","2019","美国"
"阴谋职场 第一季 / Inside Job Season 1","2021","美国"
"安德的游戏 / Ender's Game","2013","美国"
"小鬼当家2 / Home Alone 2: Lost in New York","1992","美国"
"无辜者 / De uskyldige","2021","挪威 / 瑞典 / 丹麦 / 芬兰 / 法国 / 英国"
"007：无暇赴死 / No Time to Die","2021","英国 / 美国"
"红色通缉令 / Red Notice","2021","美国"
"唐人街探案2","2018","中国大陆"
"但丁密码 / Inferno","2016","美国 / 匈牙利"
"幽冥 / Spectral","2016","美国"
"尚气与十环传奇 / Shang-Chi and the Legend of the Ten Rings","2021","美国 / 澳大利亚"
"特种部队：蛇眼起源 / Snake Eyes: G.I. Joe Origins","2021","加拿大 / 美国"
"毒液2 / Venom: Let There Be Carnage","2021","美国 / 中国大陆"
"天才枪手 / ฉลาดเกมส์โกง","2017","泰国"
"魔兽 / Warcraft","2016","美国 / 中国大陆 / 加拿大 / 日本"
"四大名捕2","2013","中国大陆 / 中国香港"
"四大名捕","2012","中国大陆"
"沙丘 / Dune","2021","美国"
"超体 / Lucy","2014","法国 / 德国 / 中国台湾 / 加拿大 / 美国 / 英国"
"绣春刀II：修罗战场","2017","中国大陆"
"绣春刀","2014","中国大陆"
"杀戮都市：O / GANTZ:O","2016","日本"
"我和我的祖国","2019","中国大陆"
"哆啦A梦：伴我同行2 / STAND BY ME ドラえもん2","2020","日本"
"熊出没·狂野大陆","2020","中国大陆"
"妙先生","2020","中国大陆"
"新神榜：哪吒重生","2021","中国大陆"
"白蛇2：青蛇劫起","2021","中国大陆"
"奇迹男孩 / Wonder","2017","美国 / 中国香港"
"动物世界","2018","中国大陆"
"红海行动","2018","中国大陆 / 中国香港"
"绿灯侠 / Green Lantern","2011","美国"
"烈日灼心","2015","中国大陆"
"变形金刚4：绝迹重生 / Transformers: Age of Extinction","2014","美国 / 中国大陆 / 中国香港"
"变形金刚3 / Transformers: Dark of the Moon","2011","美国"
"变形金刚2 / Transformers: Revenge of the Fallen","2009","美国"
"乐高蝙蝠侠大电影 / The Lego Batman Movie","2017","美国 / 丹麦 / 澳大利亚"
"小羊肖恩 / Shaun the Sheep Movie","2015","英国 / 法国"
"湄公河行动","2016","中国大陆 / 中国香港"
"哆啦A梦：伴我同行 / STAND BY ME ドラえもん","2014","日本"
"僵尸新娘 / Corpse Bride","2005","美国 / 英国"
"惊天魔盗团 / Now You See Me","2013","美国 / 法国"
"霸王别姬","1993","中国大陆 / 中国香港"
"神秘代码 / Knowing","2009","美国 / 英国 / 澳大利亚"
"中国机长","2019","中国大陆"
"西游记之大圣归来","2015","中国大陆"
"年兽大作战","2016","中国大陆"
"阿唐奇遇","2017","中国大陆"
"小门神","2016","中国大陆"
"熊出没·奇幻空间","2017","中国大陆"
"桂宝之爆笑闯宇宙","2015","中国大陆 / 中国香港"
"小悟空","2018","中国大陆 / 中国香港"
"豆福传","2017","中国大陆"
"昆塔：反转星球","2017","中国大陆"
"昆塔：盒子总动员","2013","中国大陆"
"神秘世界历险记","2012","中国大陆"
"熊出没之雪岭熊风","2015","中国大陆"
"女王的柯基 / The Queen's Corgi","2019","比利时 / 美国"
"爱宠大机密2 / The Secret Life of Pets 2","2019","美国"
"刺猬索尼克 / Sonic the Hedgehog","2020","加拿大 / 日本 / 美国"
"大侦探皮卡丘 / Pokémon Detective Pikachu","2019","美国 / 日本 / 英国 / 加拿大"
"愤怒的小鸟2 / The Angry Birds Movie 2","2019","芬兰 / 美国"
"宝贝老板2 / The Boss Baby: Family Business","2021","美国"
"禁闭岛 / Shutter Island","2010","美国"
"忠犬八公的故事 / Hachi: A Dog's Tale","2009","美国 / 英国"
"失控玩家 / Free Guy","2021","美国 / 加拿大"
"初来乍到 第一季 / Fresh Off The Boat Season 1","2015","美国"
"降世神通 第一季 / Avatar: The Last Airbender Season 1","2005","美国"
"正义联盟 / Justice League","2017","美国"
"猩球崛起3：终极之战 / War for the Planet of the Apes","2017","美国"
"地狱男爵：血皇后崛起 / Hellboy","2019","美国"
"地狱男爵 / Hellboy","2004","美国"
"地狱男爵2：黄金军团 / Hellboy 2: The Golden Army","2008","美国"
"加勒比海盗5：死无对证 / Pirates of the Caribbean: Dead Men Tell No Tales","2017","美国"
"人类之子 / Children of Men","2006","美国 / 英国 / 日本 / 墨西哥"
"2012","2009","美国 / 加拿大"
"哥斯拉2：怪兽之王 / Godzilla: King of the Monsters","2019","美国 / 日本 / 中国大陆"
"流浪地球","2019","中国大陆"
"人在囧途","2010","中国大陆"
"平行森林","2019","中国大陆"
"加勒比海盗4：惊涛怪浪 / Pirates of the Caribbean: On Stranger Tides","2011","美国"
"达·芬奇密码 / The Da Vinci Code","2006","美国 / 马耳他 / 法国 / 英国"
"魔弦传说 / Kubo and the Two Strings","2016","美国"
"逃出克隆岛 / The Island","2005","美国"
"王牌贱谍：格林斯比 / The Brothers Grimsby","2016","英国 / 美国"
"惊天魔盗团2 / Now You See Me 2","2016","美国"
"自杀小队 / Suicide Squad","2016","美国"
"海洋之歌 / Song of the Sea","2014","爱尔兰 / 丹麦 / 比利时 / 卢森堡 / 法国"
"星球大战外传：侠盗一号 / Rogue One: A Star Wars Story","2016","美国"
"帕丁顿熊 / Paddington","2014","英国 / 法国"
"犬之岛 / Isle of Dogs","2018","德国 / 日本 / 美国 / 英国"
"乐高大电影 / The Lego Movie","2014","美国 / 澳大利亚 / 丹麦"
"驴得水","2016","中国大陆"
"小王子 / Le Petit Prince","2015","法国"
"蜘蛛侠：平行宇宙 / Spider-Man: Into the Spider-Verse","2018","美国"
"当幸福来敲门 / The Pursuit of Happyness","2006","美国"
"加勒比海盗3：世界的尽头 / Pirates of the Caribbean: At World's End","2007","美国"
"怦然心动 / Flipped","2010","美国"
"神奇四侠2015 / Fantastic Four","2015","美国 / 英国 / 德国"
"加勒比海盗2：亡灵的宝藏 / Pirates of the Caribbean: Dead Man's Chest","2006","美国"
"憨豆特工3 / Johnny English Strikes Again","2018","法国 / 美国 / 英国"
"勇敢者游戏：决战丛林 / Jumanji: Welcome to the Jungle","2017","美国 / 印度 / 加拿大 / 英国 / 澳大利亚 / 德国"
"机械心 / Jack et la mécanique du coeur","2013","法国"
"自杀专卖店 / Le magasin des suicides","2012","法国 / 加拿大 / 比利时"
"盒子怪 / The Boxtrolls","2014","美国"
"科学怪狗 / Frankenweenie","2012","美国"
"十万个冷笑话","2014","中国大陆"
"忍者神龟：变种时代 / Teenage Mutant Ninja Turtles","2014","美国"
"海绵宝宝历险记 / The SpongeBob SquarePants Movie","2004","美国"
"星际宝贝 / Lilo & Stitch","2002","美国"
"宝贝老板 / The Boss Baby","2017","美国"
"逗鸟外传：萌宝满天飞 / Storks","2016","美国"
"精灵旅社3：疯狂假期 / Hotel Transylvania 3: Summer Vacation","2018","美国 / 韩国"
"驯龙高手3 / How to Train Your Dragon: The Hidden World","2019","美国"
"海绵宝宝 / The SpongeBob Movie: Sponge Out of Water","2015","美国"
"精灵旅社2 / Hotel Transylvania 2","2015","美国 / 加拿大"
"头脑特工队 / Inside Out","2015","美国"
"赛车总动员3：极速挑战 / Cars 3","2017","美国"
"无敌破坏王 / Wreck-It Ralph","2012","美国"
"钢铁侠2 / Iron Man 2","2010","美国"
"哥斯拉 / Godzilla","2014","美国 / 日本"
"环太平洋 / Pacific Rim","2013","美国"
"蝙蝠侠大战超人：正义黎明 / Batman v Superman: Dawn of Justice","2016","美国"
"哈尔的移动城堡 / ハウルの動く城","2004","日本"
"帕丁顿熊2 / Paddington 2","2017","英国 / 法国 / 美国"
"源代码 / Source Code","2011","美国 / 加拿大"
"疯狂原始人 / The Croods","2013","美国"
"寂静岭 / Silent Hill","2006","加拿大 / 法国 / 日本 / 美国"
"守护者联盟 / Rise of the Guardians","2012","美国"
"雪国列车 / 설국열차","2013","韩国 / 捷克"
"玩具总动员3 / Toy Story 3","2010","美国"
"爱丽丝梦游仙境 / Alice in Wonderland","2010","美国"
"机器战警 / RoboCop","1987","美国"
"快乐的大脚 / Happy Feet","2006","澳大利亚 / 美国"
"鼠来宝4：萌在囧途 / Alvin and the Chipmunks: The Road Chip","2015","美国"
"鼠来宝3 / Alvin and the Chipmunks: Chip-Wrecked","2011","美国"
"鼠来宝2：明星俱乐部 / Alvin and the Chipmunks: The Squeakquel","2009","美国"
"闪电狗 / Bolt","2008","美国"
"鼠来宝 / Alvin and the Chipmunks","2007","美国"
"魔法保姆麦克菲 / Nanny McPhee","2005","美国 / 英国 / 法国"
"回魂夜","1995","中国香港"
"加菲猫 / Garfield","2004","美国"
"闪光少女","2017","中国大陆"
"精灵鼠小弟 / Stuart Little","1999","美国 / 德国"
"狮子王 / The Lion King","1994","美国"
"厨子戏子痞子","2013","中国大陆"
"美女与野兽 / Beauty and the Beast","1991","美国"
"天降美食 / Cloudy with a Chance of Meatballs","2009","美国"
"唐人街探案","2015","中国大陆"
"通灵男孩诺曼 / ParaNorman","2012","美国"
"兰戈 / Rango","2011","美国"
"小鬼当家 / Home Alone","1990","美国"
"鬼妈妈 / Coraline","2009","美国"
"我和我的家乡","2020","中国大陆"
"姜子牙","2020","中国大陆"
"少年派的奇幻漂流 / Life of Pi","2012","美国 / 中国台湾 / 英国 / 加拿大"
"指环王3：王者无敌 / The Lord of the Rings: The Return of the King","2003","美国 / 新西兰"
"指环王2：双塔奇兵 / The Lord of the Rings: The Two Towers","2002","美国 / 新西兰"
"指环王1：护戒使者 / The Lord of the Rings: The Fellowship of the Ring","2001","新西兰 / 美国 / 英国"
"加勒比海盗 / Pirates of the Caribbean: The Curse of the Black Pearl","2003","美国"
"丁丁历险记 / The Adventures of Tintin: The Secret of the Unicorn","2011","美国 / 新西兰 / 英国 / 法国 / 澳大利亚"
"爱宠大机密 / The Secret Life of Pets","2016","美国"
"奇幻森林 / The Jungle Book","2016","英国 / 美国"
"哥斯拉 / Godzilla","1998","美国 / 日本"
"香肠派对 / Sausage Party","2016","美国"
"精灵旅社 / Hotel Transylvania","2012","美国"
"饥饿游戏3：嘲笑鸟(下) / The Hunger Games: Mockingjay - Part 2","2015","美国"
"饥饿游戏3：嘲笑鸟(上) / The Hunger Games: Mockingjay - Part 1","2014","美国"
"饥饿游戏 / The Hunger Games","2012","美国"
"饥饿游戏2：星火燎原 / The Hunger Games: Catching Fire","2013","美国"
"千与千寻 / 千と千尋の神隠し","2001","日本"
"三傻大闹宝莱坞 / 3 Idiots","2009","印度"
"小萝莉的猴神大叔 / Bajrangi Bhaijaan","2015","印度"
"起跑线 / Hindi Medium","2017","印度"
"神秘巨星 / Secret Superstar","2017","印度"
"摔跤吧！爸爸 / Dangal","2016","印度"
"少林足球","2001","中国香港"
"功夫","2004","中国大陆 / 中国香港"
"第九区 / District 9","2009","美国 / 新西兰 / 加拿大 / 南非"
"查理和巧克力工厂 / Charlie and the Chocolate Factory","2005","美国 / 英国 / 澳大利亚"
"飞屋环游记 / Up","2009","美国"
"哪吒之魔童降世","2019","中国大陆"
"超凡蜘蛛侠 / The Amazing Spider-Man","2012","美国"
"阿凡达 / Avatar","2009","美国"
"猩球崛起2：黎明之战 / Dawn of the Planet of the Apes","2014","美国"
"猩球崛起 / Rise of the Planet of the Apes","2011","美国"
"海洋奇缘 / Moana","2016","美国"
"冰雪奇缘 / Frozen","2013","美国"
"盗梦空间 / Inception","2010","美国 / 英国"
"赛车总动员 / Cars","2006","美国"
"我是传奇 / I Am Legend","2007","美国"
"超能陆战队 / Big Hero 6","2014","美国"
"后天 / The Day After Tomorrow","2004","美国"
"龙猫 / となりのトトロ","1988","日本"
"狮子王 / The Lion King","2019","美国"
"欢乐好声音 / Sing","2016","美国"
"小黄人大眼萌 / Minions","2015","美国"
"神偷奶爸3 / Despicable Me 3","2017","美国"
"神偷奶爸 / Despicable Me","2010","美国 / 法国"
"神偷奶爸2 / Despicable Me 2","2013","美国 / 法国 / 日本"
"变身特工 / Spies in Disguise","2019","美国"
"冰川时代5：星际碰撞 / Ice Age: Collision Course","2016","美国"
"冰川时代4 / Ice Age: Continental Drift","2012","美国"
"里约大冒险 / Rio","2011","美国"
"冰川时代3 / Ice Age: Dawn of the Dinosaurs","2009","美国"
"冰川时代2 / Ice Age: The Meltdown","2006","美国"
"机器人历险记 / Robots","2005","美国"
"冰川时代 / Ice Age","2002","美国"
"里约大冒险2 / Rio 2","2014","美国"
"马达加斯加2：逃往非洲 / Madagascar: Escape 2 Africa","2008","美国"
"马达加斯加 / Madagascar","2005","美国 / 马达加斯加"
"马达加斯加3 / Madagascar 3: Europe's Most Wanted","2012","美国"
"驯龙高手 / How to Train Your Dragon","2010","美国"
"驯龙高手2 / How to Train Your Dragon 2","2014","美国"
"极速蜗牛 / Turbo","2013","美国"
"天才眼镜狗 / Mr. Peabody & Sherman","2014","美国"
"马达加斯加的企鹅 / Penguins of Madagascar","2014","美国"
"疯狂外星人 / Home","2015","美国"
"愤怒的小鸟 / The Angry Birds Movie","2016","芬兰 / 美国"
"博物馆奇妙夜2 / Night at the Museum: Battle of the Smithsonian","2009","美国 / 加拿大"
"博物馆奇妙夜3 / Night at the Museum: Secret of the Tomb","2014","美国 / 英国"
"移动迷宫2 / Maze Runner: The Scorch Trials","2015","美国"
"移动迷宫 / The Maze Runner","2014","美国 / 英国"
"像素大战 / Pixels","2015","美国 / 中国大陆"
"功夫熊猫3 / Kung Fu Panda 3","2016","美国 / 中国大陆"
"功夫熊猫2 / Kung Fu Panda 2","2011","美国"
"功夫熊猫 / Kung Fu Panda","2008","美国"
"蓝精灵：寻找神秘村 / Smurfs: The Lost Village","2017","美国"
"蓝精灵2 / The Smurfs 2","2013","美国"
"蓝精灵 / The Smurfs","2011","美国 / 比利时"
"哈利·波特与死亡圣器(下) / Harry Potter and the Deathly Hallows: Part 2","2011","美国 / 英国"
"哈利·波特与死亡圣器(上) / Harry Potter and the Deathly Hallows: Part 1","2010","英国 / 美国"
"哈利·波特与混血王子 / Harry Potter and the Half-Blood Prince","2009","英国 / 美国"
"哈利·波特与凤凰社 / Harry Potter and the Order of the Phoenix","2007","英国 / 美国"
"哈利·波特与火焰杯 / Harry Potter and the Goblet of Fire","2005","英国 / 美国"
"哈利·波特与阿兹卡班的囚徒 / Harry Potter and the Prisoner of Azkaban","2004","英国 / 美国"
"哈利·波特与密室 / Harry Potter and the Chamber of Secrets","2002","英国 / 美国"
"哈利·波特与魔法石 / Harry Potter and the Sorcerer's Stone","2001","美国 / 英国"
"辛普森一家 第二十季 / The Simpsons Season 20","2008","美国"
"辛普森一家 第十九季 / The Simpsons Season 19","2007","美国"
"辛普森一家 第十八季 / The Simpsons Season 18","2007","美国"
"辛普森一家 第十七季 / The Simpsons Season 17","2005","美国"
"辛普森一家 第十五季 / The Simpsons Season 15","2003","美国"
"辛普森一家 第十四季 / The Simpsons Season 14","2002","美国"
"辛普森一家 第十三季 / The Simpsons Season 13","2001","美国"
"辛普森一家 第十二季 / The Simpsons Season 12","2000","美国"
"辛普森一家 第十一季 / The Simpsons Season 11","1999","美国"
"辛普森一家 第十季 / The Simpsons Season 10","1998","美国"
"辛普森一家 第九季 / The Simpsons Season 9","1997","美国"
"辛普森一家 第八季 / The Simpsons Season 8","1996","美国"
"辛普森一家 第七季 / The Simpsons Season 7","1995","美国"
"辛普森一家 第六季 / The Simpsons Season 6","1994","美国"
"辛普森一家 第五季 / The Simpsons Season 5","1993","美国"
"辛普森一家 第四季 / The Simpsons Season 4","1992","美国"
"辛普森一家 第三季 / The Simpsons Season 3","1991","美国"
"辛普森一家 第二季 / The Simpsons Season 2","1990","美国"
"辛普森一家 第一季 / The Simpsons Season 1","1989","美国"
"星际迷航：下层舰员 第二季 / Star Trek: Lower Decks Season 2","2021","美国"
"外星也难民 第二季 / Solar Opposites Season 2","2021","美国"
"疯狂的外星人","2019","中国大陆"
"妖猫传","2017","中国大陆 / 日本"
"邪不压正","2018","中国大陆"
"让子弹飞","2010","中国大陆 / 中国香港"
"超人：钢铁之躯 / Man of Steel","2013","美国 / 英国"
"变形金刚 / Transformers","2007","美国"
"火星救援 / The Martian","2015","英国 / 美国 / 匈牙利 / 约旦"
"蝙蝠侠：侠影之谜 / Batman Begins","2005","美国 / 英国"
"蝙蝠侠：黑暗骑士崛起 / The Dark Knight Rises","2012","美国 / 英国"
"这个杀手不太冷 / Léon","1994","法国 / 美国"
"肖申克的救赎 / The Shawshank Redemption","1994","美国"
"蝙蝠侠：黑暗骑士 / The Dark Knight","2008","美国 / 英国"
"釜山行 / 부산행","2016","韩国"
"神奇动物：格林德沃之罪 / Fantastic Beasts: The Crimes of Grindelwald","2018","美国 / 英国"
"神奇动物在哪里 / Fantastic Beasts and Where to Find Them","2016","英国 / 美国"
"天降美食2 / Cloudy with a Chance of Meatballs 2","2013","美国"
"顽皮跳跳灯 / Luxo Jr.","1986","美国"
"玩具总动员：遗忘的时光 / Toy Story That Time Forgot","2014","美国"
"恐龙当家 / The Good Dinosaur","2015","美国"
"赛车总动员2 / Cars 2","2011","美国"
"海底总动员2：多莉去哪儿 / Finding Dory","2016","美国"
"超人总动员 / The Incredibles","2004","美国"
"玩具总动员2 / Toy Story 2","1999","美国"
"超人总动员2 / Incredibles 2","2018","美国"
"怪兽大学 / Monsters University","2013","美国"
"玩具总动员 / Toy Story","1995","美国"
"美食总动员 / Ratatouille","2007","美国"
"玩具总动员4 / Toy Story 4","2019","美国"
"怪兽电力公司 / Monsters, Inc.","2001","美国"
"机器人总动员 / WALL·E","2008","美国"
"玩具总动员之惊魂夜 / Toy Story of Terror!","2013","美国"
"言叶之庭 / 言の葉の庭","2013","日本"
"天气之子 / 天気の子","2019","日本"
"秒速5厘米 / 秒速5センチメートル","2007","日本"
"地狱客栈：试播集 / Hazbin Hotel: Pilot","2019","美国"
"极恶老大 第一季 / Helluva Boss Season 1","2019","美国"
"星蝶公主 第三季 / Star vs. the Forces of Evil Season 3","2017","美国"
"星蝶公主 第四季 / Star vs. the Forces of Evil Season 4","2019","美国"
"蜘蛛侠3 / Spider-Man 3","2007","美国"
"蜘蛛侠2 / Spider-Man 2","2004","美国"
"扎克·施奈德版正义联盟 / Zack Snyder's Justice League","2021","美国"
"你的名字。 / 君の名は。","2016","日本"
"无敌破坏王2：大闹互联网 / Ralph Breaks the Internet","2018","美国"
"普罗米修斯 / Prometheus","2012","美国 / 英国"
"异形：契约 / Alien: Covenant","2017","美国"
"异形3 / Alien³","1992","美国"
"异形2 / Aliens","1986","美国 / 英国"
"异形 / Alien","1979","英国 / 美国"
"异形4 / Alien: Resurrection","1997","美国"
"黑衣人3 / Men in Black III","2012","美国"
"黑衣人2 / Men in Black II","2002","美国"
"黑衣人：全球追缉 / Men in Black International","2019","美国"
"黑衣人 / Men in Black","1997","美国"
"银翼杀手2049 / Blade Runner 2049","2017","美国 / 英国 / 加拿大 / 西班牙"
"博物馆奇妙夜 / Night at the Museum","2006","美国 / 英国"
"侏罗纪世界2 / Jurassic World: Fallen Kingdom","2018","美国"
"侏罗纪世界 / Jurassic World","2015","美国"
"侏罗纪公园2：失落的世界 / The Lost World: Jurassic Park","1997","美国"
"侏罗纪公园 / Jurassic Park","1993","美国"
"侏罗纪公园3 / Jurassic Park III","2001","美国"
"科洛弗档案 / Cloverfield","2008","美国"
"僵尸世界大战 / World War Z","2013","美国 / 英国 / 马耳他"
"疯狂的麦克斯3 / Mad Max Beyond Thunderdome","1985","澳大利亚"
"疯狂的麦克斯2 / Mad Max 2","1981","澳大利亚"
"疯狂的麦克斯 / Mad Max","1979","澳大利亚"
"疯狂的麦克斯4：狂暴之路 / Mad Max: Fury Road","2015","澳大利亚 / 美国"
"明日边缘 / Edge of Tomorrow","2014","美国 / 加拿大"
"头号玩家 / Ready Player One","2018","美国"
"极度深寒 / Deep Rising","1998","美国 / 加拿大"
"独立日 / Independence Day","1996","美国"
"蜘蛛侠：英雄远征 / Spider-Man: Far from Home","2019","美国"
"复仇者联盟4：终局之战 / Avengers: Endgame","2019","美国"
"惊奇队长 / Captain Marvel","2019","美国 / 澳大利亚"
"蚁人2：黄蜂女现身 / Ant-Man and the Wasp","2018","美国"
"复仇者联盟3：无限战争 / Avengers: Infinity War","2018","美国"
"黑豹 / Black Panther","2018","美国 / 南非"
"雷神3：诸神黄昏 / Thor: Ragnarok","2017","美国"
"蜘蛛侠：英雄归来 / Spider-Man: Homecoming","2017","美国"
"银河护卫队2 / Guardians of the Galaxy Vol. 2","2017","美国"
"奇异博士 / Doctor Strange","2016","美国"
"美国队长3 / Captain America: Civil War","2016","美国"
"蚁人 / Ant-Man","2015","美国"
"复仇者联盟2：奥创纪元 / Avengers: Age of Ultron","2015","美国"
"银河护卫队 / Guardians of the Galaxy","2014","美国"
"美国队长2 / Captain America: The Winter Soldier","2014","美国"
"雷神2：黑暗世界 / Thor: The Dark World","2013","美国"
"复仇者联盟 / The Avengers","2012","美国"
"美国队长 / Captain America: The First Avenger","2011","美国"
"雷神 / Thor","2011","美国"
"无敌浩克 / The Incredible Hulk","2008","美国"
"钢铁侠 / Iron Man","2008","美国"
"毒液：致命守护者 / Venom","2018","美国 / 中国大陆"
"守望者 / Watchmen","2009","美国"
"疯狂动物城 / Zootopia","2016","美国"
"寻梦环游记 / Coco","2017","美国"
"死侍2：我爱我家 / Deadpool 2","2018","美国"
"金刚狼3：殊死一战 / Logan","2017","美国"
"金刚狼2 / The Wolverine","2013","美国 / 英国"
"金刚狼 / X-Men Origins: Wolverine","2009","美国 / 英国"
"X战警：逆转未来 / X-Men: Days of Future Past","2014","美国 / 英国"
"X战警2 / X2","2003","美国 / 加拿大"
"X战警 / X-Men","2000","美国 / 加拿大"
"死侍 / Deadpool","2016","美国 / 加拿大"
"福音战士新剧场版：序 / ヱヴァンゲリヲン新劇場版：序","2007","日本"
"福音战士新剧场版：破 / ヱヴァンゲリヲン新劇場版：破","2009","日本"
"福音战士新剧场版：Q / ヱヴァンゲリヲン新劇場版：Q","2012","日本"
"新世纪福音战士剧场版：Air/真心为你 / 新世紀エヴァンゲリオン劇場版 Air/まごころを、君に","1997","日本"
"新世纪福音战士 / 新世紀エヴァンゲリオン","1995","日本"
"王牌特工2：黄金圈 / Kingsman: The Golden Circle","2017","英国 / 美国"
"王牌特工：特工学院 / Kingsman: The Secret Service","2014","英国 / 美国"
"1/2的魔法 / Onward","2020","美国"
"疯狂原始人2 / The Croods: A New Age","2020","美国"
"心灵奇旅 / Soul","2020","美国"
"釜山行2：半岛 / 부산행2-반도","2020","韩国"
"猛禽小队和哈莉·奎茵 / Birds of Prey: And the Fantabulous Emancipation of One Harley Quinn","2020","美国"
"信条 / Tenet","2020","美国 / 英国"
"天鹰战士：最后的冲击 / シン・エヴァンゲリオン劇場版:│▌","2021","日本"
"星蝶公主 第二季 / Star vs. the Forces of Evil Season 2","2016","美国"
"怪诞小镇 第二季 / Gravity Falls Season 2","2014","美国"
"X特遣队：全员集结 / The Suicide Squad","2021","美国 / 加拿大 / 英国"
"东方快车谋杀案 / Murder on the Orient Express","2017","马耳他 / 美国"
"蜘蛛侠 / Spider-Man","2002","美国"
"海底总动员 / Finding Nemo","2003","美国 / 澳大利亚"
"长城 / The Great Wall","2016","中国大陆 / 美国"
"海王 / Aquaman","2018","美国 / 澳大利亚"
"康斯坦丁 / Constantine","2005","美国 / 德国"
"黑客帝国3：矩阵革命 / The Matrix Revolutions","2003","美国"
"黑客帝国2：重装上阵 / The Matrix Reloaded","2003","美国"
"黑客帝国 / The Matrix","1999","美国"
"疾速追杀3 / John Wick: Chapter 3 - Parabellum","2019","美国"
"疾速追杀2 / John Wick: Chapter 2","2017","美国 / 中国香港"
"疾速追杀 / John Wick","2014","美国"
"怪诞小镇 第一季 / Gravity Falls Season 1","2012","美国"
"氰化欢乐秀 第一季 / The Cyanide and Happiness Show Season 1","2014","美国"
"脆莓公园 第一季 / Brickleberry Season 1","2012","美国"
"星蝶公主 第一季 / Star vs. the Forces of Evil Season 1","2015","美国"
"瑞克和莫蒂 第一季 / Rick and Morty Season 1","2013","美国"
"瑞克和莫蒂 第二季 / Rick and Morty Season 2","2015","美国"
"瑞克和莫蒂 第三季 / Rick and Morty Season 3","2017","美国"
"瑞克和莫蒂 第四季 / Rick and Morty Season 4","2019","美国"
"瑞克和莫蒂 第五季 / Rick and Morty Season 5","2021","美国"
"爱，死亡和机器人 第一季 / Love, Death & Robots Season 1","2019","美国"
"爱，死亡和机器人 第二季 / Love, Death & Robots Season 2","2021","美国"
"外星也难民 第一季 / Solar Opposites Season 1","2020","美国"
"星际迷航：下层舰员 第一季 / Star Trek: Lower Decks Season 1","2020","美国"
"怪奇物语 第二季 / Stranger Things Season 2","2017","美国"
"怪奇物语 第一季 / Stranger Things Season 1","2016","美国"
"怪奇物语 第三季 / Stranger Things Season 3","2019","美国"
